generic_name,dosage_form,is_available
Aceclofenac,tablet,1
Acetylcysteine,tablet,1
Aciclovir,syrup,1
Acuflam,spray,1
Adenosine,ampule,1
Aescin Diethylamine Salicylate,gel,1
Agmaset,capsule,1
Alendronic Acid,tablet,1
Alendronic Acid Colecalciferol,tablet,1
Allopurinol,tablet,1
Alpha Ketoanalogues Essential Amino Acids,,1
Ambilin,vial,1
Ambroxol,syrup,1
Ambroxol Od,capsule,1
Amikacin,ampule,1
Amino Acid Sorbitol,,1
Amino Acids In Sorbitol,vial,1
Amino Acids Sorbitol,vial,1
Aminophylline,ampule,1
Amiodarone,tablet,1
Amlodipine,tablet,1
Amlodipine Indapamide,tablet,1
Amlodipine Losartan,tablet,1
Amlodipine Losartan Potassium,tablet,1
Amlodipine Valsartan,tablet,1
Amoxicillin,drops,1
Amoxicillin Mlsuspension,suspension,1
Ampicillin,vial,1
Ampicillin Sulbactam,vial,1
Ampicillin Sulbactan,vial,1
Anti Rabies Serum,,1
Apixaban,tablet,1
Appegain Advancce Caps,,1
Ascorbate,capsule,1
Ascorbate Zinc,syrup,1
Ascorbic Acid,drops,1
Ascorbic Acid Taurine Lysine,syrup,1
Ascorbic Acid Zinc,syrup,1
Ascorbic Acids,drops,1
Ascorbic Zinc,,1
Aspirin,tablet,1
Atenolol,tablet,1
Atorvast Perindopril Arginine Amlodipine,tablet,1
Atorvastatin,tablet,1
Atracurium,,1
Atropine,ampule,1
Ats,ampule,1
Azithromycin,tablet,1
Aztreonam,vial,1
Bacillus Clausii,,1
Bemiparin,injection,1
Benzylpenicillin,vial,1
Berafen,capsule,1
Betahistine,tablet,1
Bicarbonate,ampule,1
Bisacodyl,suppository,1
Bisacodyl Suppsitory,,1
Bisoprolol,tablet,1
Bleomycin,vial,1
Budesonide,nebule,1
Budesonide Dinosed,nebule,1
Budesonide Formoterol,inhaler,1
Bumetanide,tablet,1
Bupivacaine,ampule,1
Butamirate,tablet,1
Calcium Carbonate Vit D,tablet,1
Calcium Carbonate Vitamin D,tablet,1
Calcium Gluconate,,1
Canvedilol Ivabradine,,1
Captopril,tablet,1
Carbocisteine,capsule,1
Carbocisteine Zinc,capsule,1
Carvedilol,tablet,1
Carvida,tablet,1
Cefaclor,drops,1
Cefalexin Ml,drops,1
Cefazolin,vial,1
Cefdinr,capsule,1
Cefepime,vial,1
Cefixime,suspension,1
Cefixime Caps,,1
Cefixime Film Coated,tablet,1
Cefixime Ng,capsule,1
Cefoperazone Sulbactam,vial,1
Cefotaxime,vial,1
Cefoxitin,vial,1
Cefoxitin Ig,vial,1
Ceftazidime,vial,1
Ceftriaxone,vial,1
Ceftriaxone Sulbactam,vial,1
Cefuroxime,vial,1
Celecoxib,capsule,1
Cetirizine,tablet,1
Cetirizine Phenylephrine,syrup,1
Cevertron,tablet,1
Chirocaine,ampule,1
Chloramphenicol Palmitate,suspension,1
Chloride,spray,1
Chlorphenamine,tablet,1
Choline Salicylate Benzalkonium Chloride,gel,1
Cilostazol,tablet,1
Cinnarizine,tablet,1
Ciprofloxacin,vial,1
Ciprogyl Nl,vial,1
Citicoline,ampule,1
Clarithromycin,suspension,1
Clarithromycin Suspesnion,suspension,1
Clindamycin,capsule,1
Cloheal,tablet,1
Clonidine,tablet,1
Clopidogrel,tablet,1
Clopidogrel Aspirin,tablet,1
Clopidogrel Bisulfate Aspirin,tablet,1
Clotrimazole,drops,1
Clotrimazole Beclometasone G G,cream,1
Clotrimazole Beclometasone Gentamicin W W,cream,1
Clovimed,,1
Cloxacillin,suspension,1
Co Amoxiclav,suspension,1
Co Amoxiclav Enhamox,suspension,1
Colchicine,tablet,1
Cotrimazole,tablet,1
Cotrimoxazole,suspension,1
Cozith S,tablet,1
Dabigatran Etexilate,capsule,1
Dapagliflozin,tablet,1
Dapaglifozin,tablet,1
Daryl Suspesion,suspension,1
Deferoxamine,vial,1
Desonide,cream,1
Dexamethasone,tablet,1
Dexamethasone Dexasan,ampule,1
Dexamethasone Iv,ampule,1
Dexamrthasone Sod Phos,,1
Diacerein,tablet,1
Diazepam,ampule,1
Dibenconazole,,1
Digoxin,tablet,1
Diosmin Hesperidin,tablet,1
Diphenhydramine,ampule,1
Diphenhydramine Omg,capsule,1
Disudrin,drops,1
Dobutamine,vial,1
Domperidone,suspension,1
Dopamine,ampule,1
Doxofylline,tablet,1
Doxycycline,tablet,1
Dutasteride Tamsulosin,tablet,1
Edoxaban,tablet,1
Enfamil Catch Up,,1
Enfamil One,,1
Enfamil One Milk Formula Can,,1
Enoxaparin,injection,1
Enoxaparin Syringe,,1
Ephedrine,ampule,1
Epinephrine,ampule,1
Epinephrine Mlampule,ampule,1
Epoetin Alfa Ml,,1
Ergomet,ampule,1
Ertapenem,vial,1
Erythromycin,ointment,1
Erythromycin Ethylsuccinate,drops,1
Esmolol,vial,1
Esomeprazole,capsule,1
Etoricoxib,tablet,1
Famotidine,vial,1
Feboxostat,tablet,1
Febuxostat,tablet,1
Fenofibrate,capsule,1
Fentanyl,ampule,1
Ferrous,tablet,1
Fexoxan,tablet,1
Flu Vaccine Adult,,1
Fluconazole,vial,1
Flumazenil,ampule,1
Flunarizine,capsule,1
Fluocinolone Acetonide Polymyxin B Neomycin,drops,1
Fluphenazine,ampule,1
Fluticasone Salmetarol Metered Dose,inhaler,1
Fluticasone Salmeterol,inhaler,1
Folic Acid,drops,1
Fondaparinux,,1
Food Supplement,,1
Foskina,ointment,1
Fucidin,cream,1
Furosemide,ampule,1
Furosemide Mlampule,ampule,1
Fusidate,ointment,1
Fusidic Acid,cream,1
Fusidic Acid Betamethasone,cream,1
Gabapentin,capsule,1
Gentamicin,ampule,1
Gentamicin Gentacare,solution,1
Gentamycin,ampule,1
Gliclazide,tablet,1
Glimepiride,tablet,1
Glocare Plu,,1
Glycerin,suppository,1
Glycerin Pedia,suppository,1
Go On One Pre Filled Syringe,,1
Guaifenesin Salbutamol,syrup,1
Haloperidol,ampule,1
Haloperidol Deconoate,ampule,1
Hbe With Collagen,,1
Heparin,vial,1
Herpex,tablet,1
Homatropine,tablet,1
Human Albumin,solution,1
Human Insulin R,,1
Hyaluronate Gf,solution,1
Hydralazine,ampule,1
Hydrite,,1
Hydro Aid,,1
Hydrocortisone,vial,1
Hydrocortisone G,cream,1
Hyoscine,ampule,1
Hyoscine Hyozani,ampule,1
Hyoscine N Butylbromide,ampule,1
Hypo Act,,1
Ibuprofen,suspension,1
Insulin Glargine,injection,1
Insulin Glargine Lixisenatide,,1
Insulin Pen Podevta,,1
Insulin Pen Tresiba,,1
Iopamidol,vial,1
Ipratropium Salbutamol Metered Dose,inhaler,1
Irbesartan,tablet,1
Irbesartan Amlodipine,tablet,1
Isosorbide Dinitrate,ampule,1
Isosorbide Mononitrate,tablet,1
Isosorbide Mononitriat,tablet,1
Isotonic Electrolyte,solution,1
Ivabradine,tablet,1
Jardiance,tablet,1
Ketamine,vial,1
Ketoanalogue,,1
Ketoanalogues Essential Amino Acids,tablet,1
Ketoprofen,gel,1
Ketoprofen Plaster,,1
Ketorolac,ampule,1
Ketorolac Mlampule,ampule,1
Lactobacillus,,1
Lactulose,syrup,1
Lanoxin,,1
Larga Nature Liniment,spray,1
Legarde,spray,1
Leuprorelin,vial,1
Levetiracetam,,1
Levodopa Carbidopa,,1
Levodropropizine,tablet,1
Levofloxacin Hemihydarte,,1
Levofloxacin Iv,,1
Levoprime,,1
Lidocaine,vial,1
Lidocaine Epinephrine Carpule,,1
Lidocaine Polyamp,,1
Linagliptin,tablet,1
Linezolid Iv,,1
Lithium,,1
Loperamide,capsule,1
Loperamide Simeticone,capsule,1
Loratadine,syrup,1
Losartan,tablet,1
Losartan Amlodipine Hctz,tablet,1
Losartan Hydrochlorothiazide,,1
Losartan K Hctz,tablet,1
Losartan Potassium,tablet,1
Losartan Zarnat,tablet,1
Magnesium,ampule,1
Mannitol,,1
Mefenamic,suspension,1
Mefenamic Acid,capsule,1
Melatonin,tablet,1
Meloxicam,tablet,1
Meningococcal,,1
Meperidine,ampule,1
Meropenem,vial,1
Metformin,tablet,1
Methyldopa,,1
Methylergometrine,ampule,1
Methylprednisolone,tablet,1
Methylprednisolone Iv,,1
Metoclopramide,ampule,1
Metronidazole,tablet,1
Metronidazole Iv,,1
Midazolam,ampule,1
Mometasone W W,cream,1
Monobasic Nahpo Dibasic Nahpo,solution,1
Monobasic Nahpo Dibasic Nahpo Rectal,solution,1
Montelukast,tablet,1
Montelukast Levocetirizine,tablet,1
Montra,capsule,1
Morphine,tablet,1
Morphine Iv,ampule,1
Moxifloxacin Opthalmic,drops,1
Multivitamins,syrup,1
Multivitamins Buclizine Lysine,capsule,1
Multivitamins Ginseng Cap,capsule,1
Multivitamins Iron,tablet,1
Multivitamins Minerals,tablet,1
Multivitamins W B Complex,syrup,1
Multivitamins With Lysine,,1
Multivitamins Zinc Taurine,drops,1
Mupirocin,ointment,1
Mupirocin G,cream,1
Myocard,,1
Nalbuphine,ampule,1
Naloxone,,1
Naproxen,,1
Naproxen Paracetamol,tablet,1
Nebivolol,,1
Neostigmine Iv,,1
Neostigmine Mlampule,ampule,1
Nicardipine,ampule,1
Nitrofurantoin Caps,,1
Norepinephrine,ampule,1
Norepinephrine Iv,,1
Nostigmine,,1
Nystatin Units Ml,drops,1
Octreotide,,1
Omeprazole,vial,1
Omeprazole Iv,,1
Omeprazole Omg,vial,1
Ondansentron,ampule,1
Ondansetron Iv,ampule,1
Oral Rehydrating Salt,sachet,1
Oral Rehydration Salts,sachet,1
Oxacillin Iv,,1
Oxytocin,ampule,1
Oxytocin Ml,ampule,1
Pantobbas,vial,1
Pantobet,tablet,1
Pantoprazole,vial,1
Pantoprazole Domperidone,capsule,1
Paracetamol,ampule,1
Paracetamol Aceclofenac,tablet,1
Paracetamol Chlorphenamine Phenylpropanolamine,capsule,1
Paracetamol Ibuprofen,tablet,1
Paracetamol Orphenadrine,tablet,1
Paracetamol Tempra,syrup,1
Paracetamol Tramadol,tablet,1
Paracetamol Tramdol,tablet,1
Paracetamol Vitamin B B B,tablet,1
Parecoxib,vial,1
Pecof,syrup,1
Perindopril Amlodipine,tablet,1
Perindopril Arginine Amlodipine,tablet,1
Perindopril Arginine Indapamide Amlodipine,tablet,1
Pethidine Iv,,1
Phenobarbital,ampule,1
Phenoxymethyl Penicillin,,1
Phenylephrine Brompheniramine,drops,1
Phenylephrine Chlorphenamine,drops,1
Phenyleprine Brompheniramine,syrup,1
Phenylpropanolamine,syrup,1
Phenylpropanolamine Brompheniramine,syrup,1
Phenytoin,ampule,1
Phenytoin Haizure,ampule,1
Phenytoin Iv,,1
Phytomenadione,ampule,1
Phytopmenadione,ampule,1
Pimax Enteric Coated,tablet,1
Pioglitazone,tablet,1
Piolitazone,tablet,1
Piperacillin Tazobactam,vial,1
Pneumotyl,tablet,1
Policresulen Cinchocaine,suppository,1
Polymyxin B Iv,,1
Potassium,tablet,1
Potassium Chloride,tablet,1
Potassium Chloride Meq,vial,1
Prasugrel,tablet,1
Prednisolone,drops,1
Prednisone,tablet,1
Prednisone Vonwelt,tablet,1
Pregabalin,capsule,1
Probiotics,capsule,1
Procaterol,syrup,1
Propofol,ampule,1
Propofol Vials,,1
Propranolol,,1
Propylthiouracil,,1
Proxymetacaine Eye,drops,1
Purified Rabies Vaccine,,1
Pyrantel,suspension,1
Rabeprazole,vial,1
Racecadotril,sachet,1
Ranitidine,ampule,1
Ranolazine,tablet,1
Ranolazine Ranexa,tablet,1
Rebamipide,tablet,1
Regular Insulin Humulin R Per Unit,vial,1
Remdesivir,vial,1
Renakult,capsule,1
Renoguard,tablet,1
Rifaximin,tablet,1
Risedronate,tablet,1
Rocuronium,vial,1
Rosuvastatin,tablet,1
Sacubitril Valsartan,tablet,1
Salbutamol,nebule,1
Salbutamol Guaifenesin,syrup,1
Salbutamol Guiafenesin,syrup,1
Salbutamol Ipratropium,nebule,1
Salbutamol M,nebule,1
Salbutamol Mdi,,1
Serrapeptase,tablet,1
Sevelamer Carbonate,tablet,1
Sevoflurane,,1
Silver Sulfa,,1
Silver Sulfadiazine,cream,1
Silver Sulfadiazine G W W,cream,1
Silymarin Lecithin,capsule,1
Simeticone,drops,1
Sitagliptin Metformin,tablet,1
Spironolactone,tablet,1
Sqcef,suspension,1
Streptokinase,vial,1
Succinylcholine,vial,1
Sugammadex,,1
Sulodexide,capsule,1
Sultamicillin,tablet,1
Sultamicillin Tosylate,tablet,1
Suxamethonium Chloride,vial,1
Taurine Multivitamins,drops,1
Telmisartan,tablet,1
Telmisartan Amlodipine,tablet,1
Tempra,syrup,1
Tempra Orn,drops,1
Tempra Stw,drops,1
Terbutaline,,1
Tetanus Antitoxin,,1
Tetanus Toxiod,,1
Tetanus Toxoid,ampule,1
Tetanus Toxoid Hmo,ampule,1
Ticagrelor,tablet,1
Ticarcillin Clavulanic Acid,vial,1
Timolol Eye,drops,1
Tmultivitamins Iron,capsule,1
Tobramycin Dexamethasone,,1
Tolvaptan,tablet,1
Tramadol,ampule,1
Tramadol Caps,,1
Tramadol Hdl,ampule,1
Tramadol Iv,,1
Tramadol Paracetamol,tablet,1
Tranexamic,ampule,1
Tranexamic Acid,ampule,1
Trimedin,,1
Trimetazidine,tablet,1
Uridine Vit B Folic Acid,capsule,1
Ursodeoxycholic,tablet,1
Ursodeoxycholic Acid,capsule,1
Ursodeoxycholic Acid Caps,,1
Valsartan Hctz Vasar,tablet,1
Valsartan Hydrochlorothiazide,tablet,1
Vancomycin Iv,,1
Venamax,,1
Verapamil,ampule,1
Vildagliptin Metformin,tablet,1
Vitamin B B B Nicotinamide D Panthenol,ampule,1
Vitamin B Complex,tablet,1
Vitamin B Complex Iron Buclizine Lysine,syrup,1
Vitamin B Complex Iv,,1
Vitamins B B B,tablet,1
Vitamins Lysine Taurine Cgf Zinc,syrup,1
Warfarin,tablet,1
Xarelto,tablet,1
Xed,ampule,1
Xylitol Oral,gel,1
Zinc,syrup,1
Zobrixol,syrup,1
Zoledronic Acid,vial,1
