generic_name,brand_name,hospital_code,strength,dosage_form,packaging,is_available
Aceclofenac,CLANZA CR 200MG TAB,MED00501,200 mg,tablet,Box of 100,1
Acetylcysteine,ACETYLCYSTEINE (100MG/ML) 3ML AMP,0156,100 mg/mL,ampule,Per unit,1
Acetylcysteine,ACETYLCYSTEINE(200MG/ML) 25ML BOTTLE,0157,200 mg/mL,,Per unit,1
Acetylcysteine,ACETYLCYSTEINE(600MG) EFFERVESCENT TABLET,0158,600 mg,tablet,Per unit,1
Acetylcysteine,ALTOCETYL 600MG SACHET,MED1156,600 mg,sachet,Box of 10,1
Acetylcysteine,CYSAPHTEINE 600MG,MED1264,600 mg,,Box of 10,1
Acetylcysteine,FLUIMUCIL 100MG/5ML SYRUP,MED00001,100 mg/5 mL,syrup,Pieces,1
Acetylcysteine,FLUIMUCIL 200MG SACHET,MED00002,200 mg,sachet,Box of 20,1
Acetylcysteine,FLUIMUCIL 600MG TABLET,MED00003,600 mg,tablet,Box of 10,1
Acetylcysteine,PNEUMOTYL 200MG TAB,MED00585,200 mg,tablet,Box of 20,1
Acetylcysteine,SOLUFLEM 600MG SACHET,MED00504,600 mg,sachet,Box of 10,1
Aciclovir,HERPEX 200MG/5ML SYR,MED00454,200 mg/5 mL,syrup,Pieces,1
Acuflam,ACUFLAM SPRAY - DICLOFENAC SODIUM 10MG/G,MED00673,10 mg,spray,Box,1
Adenosine,ADENOSINE 3MG/ML AMP,MED00503,3 mg/mL,ampule,Box of 5,1
Adenosine,ADENOSINE 6MG/2ML AMP,MED00632,6 mg/2 mL,ampule,Pieces,1
Adenosine,ADENOSINE(3MG/ML) 2ML VIAL,0159,3 mg/mL,vial,Per unit,1
Aescin Diethylamine Salicylate,REPARIL GEL,MED00502,,gel,Pieces,1
Agmaset,AGMASET CAPSULE,MED00473,,capsule,Pieces,1
Alendronic Acid,BONDROS 70MG TAB,MED1379,70 mg,tablet,Box of 2,1
Alendronic Acid,REVENTA TAB 70MG TAB,MED01043,70 mg,tablet,Pack of 4,1
Alendronic Acid Colecalciferol,RESOVON TABLET,MED00005,,tablet,Box of 4,1
Allopurinol,ALLOPURINOL 300MG TABLET,MED00007,300 mg,tablet,Box of 100,1
Allopurinol,ALUPRIN 100MG TABLET,MED00006,100 mg,tablet,Box of 100,1
Alpha Ketoanalogues Essential Amino Acids,RENALOG DS 1200MG,MED1390,1200 mg,,Box of 100,1
Ambilin,X AMBILIN 500MG VIAL,MED01028,500 mg,vial,Box of 10,1
Ambroxol,AMBROXOL 15mg/5ml 60ml syr,MED00616,15 mg/5 mL,syrup,Pieces,1
Ambroxol,AMBROXOL 30MG/5ML SYRUP,MED00011,30 mg/5 mL,syrup,Pieces,1
Ambroxol,AMBROXOL 6mg/ml 15ml drops,MED00617,6 mg/mL,drops,Bottle,1
Ambroxol,BROMUX 6MG/ML DROPS,MED00013,6 mg/mL,drops,Pieces,1
Ambroxol,COUXIN 30MG/5ML SYRUP,MED00010,30 mg/5 mL,syrup,Pieces,1
Ambroxol,COUXIN 6MG/ML DROPS,MED00012,6 mg/mL,drops,Pieces,1
Ambroxol,MDBROX 15MG/5ML SYRUP,MED00008,15 mg/5 mL,syrup,Pieces,1
Ambroxol,SAPHROXOL 30MG TAB,MED00682,30 mg,tablet,Box of 100,1
Ambroxol,SAPHROXOL 30MG TABLET,MED00009,30 mg,tablet,Box of 100,1
Ambroxol,SYMBRON 7.5MG/ML AMPULE,MED00313,7.5 mg/mL,ampule,Box of 10,1
Ambroxol Od,AMBROXOL OD 75MG,MED00014,75 mg,capsule,Box of 100,1
Amikacin,AMIKACIDE 100MG/2ML AMPULE,MED00314,100 mg/2 mL,ampule,Box of 5,1
Amikacin,AMIKACIN(125MG/ML) 2ML AMP,0161,125 mg/mL,ampule,Per unit,1
Amikacin,AMIKACY 250MG,MED1152,250 mg,,Box of 10,1
Amikacin,EKACIN 250MG/ML,MED1362,250 mg/mL,,Ampule,1
Amino Acid Sorbitol,SITI-AMINOS 500ML,MED01090,500 mL,,Box,1
Amino Acids In Sorbitol,ALAMIN VIAL,MED00312,,vial,Pieces,1
Amino Acids In Sorbitol,AMINOLIFE 500ML VIAL,MED00493,500 mL,vial,Box of 20,1
Amino Acids In Sorbitol,BIOMIX PLUS INJECTION,MED00608,,injection,Box of 5,1
Amino Acids In Sorbitol,BIOMIX PLUS INJECTION,MED000466,,injection,Box of 5,1
Amino Acids In Sorbitol,EVAMIN 500ML VIAL,MED00357,500 mL,vial,Box of 15,1
Amino Acids In Sorbitol,KANZOMIN 500ML VIAL,MED000446,500 mL,vial,Box of 10,1
Amino Acids Sorbitol,CHIAMIN- S 500ML VIAL,MED00341,500 mL,vial,Box of 12,1
Amino Acids Sorbitol,NUTRIMIN SN 500ML,MED1258,500 mL,,Bottle,1
Aminophylline,AMINOPHYLLINE AMPULE,MED01031,,ampule,Bottle,1
Aminophylline,AMINOPHYLLINE(25MG/ML) 10 AMP,0164,25 mg/mL,ampule,Per unit,1
Aminophylline,AMINOSOL 250MG/10ML AMPULE,MED00458,250 mg/10 mL,ampule,Box of 10,1
Aminophylline,AMIPHIL 250MG/10ML AMPULE,MED00315,250 mg/10 mL,ampule,Box of 10,1
Amiodarone,AMIODARONE(50MG/ML) 3ML AMP,0165,50 mg/mL,ampule,Per unit,1
Amiodarone,AMIRON 200MG TABLET,MED00016,200 mg,tablet,Box of 30,1
Amiodarone,ANOION 200MG TABLET,MED00015,200 mg,tablet,Box of 30,1
Amiodarone,CORDARONE 150MG/3ML AMPULE,MED00316,150 mg/3 mL,ampule,Box of 6,1
Amiodarone,DARYTH 200MG TABLET,MED01066,200 mg,tablet,Pieces,1
Amiodarone,MIORAD 150MG/ML,MED1363,150 mg/mL,,Ampule,1
Amiodarone,RYTHMA 150MG/3ML AMP,MED00626,150 mg/3 mL,ampule,Box of 6,1
Amiodarone,RYTHMA 200MG TAB,MED00332,200 mg,tablet,Box of 30,1
Amlodipine,AMALVEX 10MG TAB,MED01129,10 mg,tablet,Pieces,1
Amlodipine,AMALVEX 10MG TABLET,MED00022,10 mg,tablet,Pieces,1
Amlodipine,AMALVEX 5MG TABLET,MED00024,5 mg,tablet,Pieces,1
Amlodipine,AMVASC 5MG TABLET,MED00986,5 mg,tablet,Pieces,1
Amlodipine,CARDIVASC 5MG TABLET,MED00025,5 mg,tablet,Pieces,1
Amlodipine,PROVASC 10MG TABLET,MED00518,10 mg,tablet,Box of 30,1
Amlodipine,PROVASC 5MG TAB,MED00481,5 mg,tablet,Box of 30,1
Amlodipine,VASALAT 10MG TABLET,MED001149,10 mg,tablet,Box of 30,1
Amlodipine,VASALAT 10MG TABLET,MED00023,10 mg,tablet,Box of 100,1
Amlodipine,VASALAT 5MG TABLET,MED01148,5 mg,tablet,Box of 30,1
Amlodipine,VASALAT 5MG TABLET,MED00026,5 mg,tablet,Box of 100,1
Amlodipine Indapamide,NATRIXAM 10/1.5MG TABLET,MED00017,1.5 mg,tablet,Pieces,1
Amlodipine Indapamide,NATRIXAM 5/1.5MG TABLET,MED00018,1.5 mg,tablet,Pieces,1
Amlodipine Losartan,AMLIFE 10/100MG TABLET,MED00019,100 mg,tablet,Pieces,1
Amlodipine Losartan,ARBLOC CCB 5/100MG TABLET,MED00020,100 mg,tablet,Pieces,1
Amlodipine Losartan,ARBLOC CCB 5/50MG AMLODIPINE + LOSARTAN 5/50MG TABLET,MED00021,50 mg,tablet,Pieces,1
Amlodipine Losartan Potassium,ARBLOC CCB 5MG/50MG TAB,MED00462,5 mg,tablet,Box of 30,1
Amlodipine Losartan Potassium,VEZTENOR 5MG/50MG TAB,MED00500,5 mg,tablet,Box of 30,1
Amlodipine Valsartan,VALSARAM 10/160MG TABLET,MED00602,160 mg,tablet,Box of 28,1
Amlodipine Valsartan,VALSARAM 10/160MG TABLET,MED000062,160 mg,tablet,Box of 28,1
Amlodipine Valsartan,VALSARAM 5/160MG TABLET,MED00603,160 mg,tablet,Box of 28,1
Amlodipine Valsartan,VALSARAM 5/160MG TABLET,MED000063,160 mg,tablet,Box of 28,1
Amlodipine Valsartan,VALSARAM 5/80MG TABLET,MED00601,80 mg,tablet,Box of 28,1
Amlodipine Valsartan,VALSARAM 5/80MG TABLET,MED000061,80 mg,tablet,Box of 28,1
Amoxicillin,AMBIMOX 500MG CAPSULE,MED00031,500 mg,capsule,Box of 100,1
Amoxicillin,AXMEL 10ML DROPS,MED1192,10 mL,drops,Bottle,1
Amoxicillin,AXMEL 500MG CAP,MED00683,500 mg,capsule,Box of 100,1
Amoxicillin,MEDVOX 100MG/ML DROPS,MED00440,100 mg/mL,drops,Pieces,1
Amoxicillin,MEDVOX 250MG/5ML SUSPENSION,MED00030,250 mg/5 mL,suspension,Pieces,1
Amoxicillin,MOXYLOR 100MG/ML DROPS,MED00027,100 mg/mL,drops,Pieces,1
Amoxicillin,MOXYLOR 125MG/5ML SUSPENSION,MED00029,125 mg/5 mL,suspension,Bottle,1
Amoxicillin,MOXYLOR 250MG/5ML SUSPENSION,MED01180,250 mg/5 mL,suspension,Bottle,1
Amoxicillin Mlsuspension,MEDVOX 125MG/5ML SUSPENSION,MED00028,125 mg/5 mL,suspension,Pieces,1
Ampicillin,AMBILIN 500MG VIAL,MED01028-77,500 mg,vial,Box of 10,1
Ampicillin,AMPI-1 1G VIAL,MED00317,1 g,vial,Box of 10,1
Ampicillin,CORPILYN 1G,MED1176,1 g,,Box of 10,1
Ampicillin,CORPILYN 1G VIAL,MED01221,1 g,vial,Pack of 10,1
Ampicillin,CORPILYN 500MG VIAL,MED01220,500 mg,vial,Pack of 10,1
Ampicillin,GOPEN 250MG VIAL,MED1352,250 mg,vial,Box of 10,1
Ampicillin,GOPICIN 250MG VIAL,MED1337,250 mg,vial,Pack of 10,1
Ampicillin,INCALIN 250MG VIAL,MED1175,250 mg,vial,Box of 10,1
Ampicillin,LIFERZIN 500MG VIAL,MED1357,500 mg,vial,Box,1
Ampicillin,SUMPILIN 250MG VIAL,MED00318,250 mg,vial,Box of 10,1
Ampicillin,SUMPILIN 500MG VIAL,MED00319,500 mg,vial,Box of 10,1
Ampicillin Sulbactam,AMSULVEX 1.5MG VIAL,MED00320,1.5 mg,vial,Pieces,1
Ampicillin Sulbactam,SILGRAM 1.5MG VIAL,MED00321,1.5 mg,vial,Pieces,1
Ampicillin Sulbactam,SILGRAM 750MG VIAL,MED00322,750 mg,vial,Pieces,1
Ampicillin Sulbactam,SULBACTOMAX 1G/500MG VIAL,MED000298,1 g,vial,Pieces,1
Ampicillin Sulbactan,AMPICILLIN + SULBACTAN(1.5G) VIAL,0168,1.5 g,vial,Per unit,1
Ampicillin Sulbactan,AMPICILLIN + SULBACTAN(500MG + 250) VIAL,0169,500 mg,vial,Per unit,1
Anti Rabies Serum,ANTI-RABIES SERUM (EQUINE),MED0001111,,,Pieces,1
Anti Rabies Serum,EQUIRAB 200IU/ML (1000IU/5ML),MED1142,200 iu,,Vial,1
Apixaban,ELIQUIS 2.5MG TABLET,MED00032,2.5 mg,tablet,Pieces,1
Appegain Advancce Caps,APPEGAIN ADVANCE CAPS,MED1239,,,Box of 100,1
Ascorbate,BEWELL C 500MG CAPSULE,MED00285,500 mg,capsule,Box of 100,1
Ascorbate,CEVITA 500MG CAPSULE,MED00595,500 mg,capsule,Box of 100,1
Ascorbate,CEVITA 500MG CAPSULE,00079898,500 mg,capsule,Box of 100,1
Ascorbate,EXCEL C 568.18MG CAPSULE,MED00286,568.18 mg,capsule,Box of 100,1
Ascorbate Zinc,ACEEVIT PLUS SYRUP 120ML,MED00625,120 mL,syrup,Pieces,1
Ascorbate Zinc,ACEEVIT PLUS SYRUP 120ML,NED000525,120 mL,syrup,Pieces,1
Ascorbate Zinc,ENHANZEE SYRUP,MED00284,,syrup,Pieces,1
Ascorbate Zinc,IMMUN PRO CAP,MED00474,,capsule,Box of 100,1
Ascorbate Zinc,PEARLY C 500/10MG CAPSULE,MED00596,10 mg,capsule,Box of 100,1
Ascorbate Zinc,PEARLY C 500/10MG CAPSULE,1,10 mg,capsule,Box of 100,1
Ascorbic Acid,CEELIN 100MG/ML DROPS,MED00038,100 mg/mL,drops,Pieces,1
Ascorbic Acid,MYREVIT-C DROPS 100MG/ML,MED1242,100 mg/mL,drops,Pieces,1
Ascorbic Acid,VITCEE 100MG/5ML SYRUP,MED00037,100 mg/5 mL,syrup,Pieces,1
Ascorbic Acid,VITCEE DROPS,MED00039,100 mg/mL,drops,Pieces,1
Ascorbic Acid,VITCEE SYRUP,MED01165,100 mg/5 mL,syrup,Bottle,1
Ascorbic Acid,XTRACEE 500MG CAPSULE,MED00041,500 mg,capsule,Box of 100,1
Ascorbic Acid Taurine Lysine,TROPICEE PLUS SYRUP,MED00033,,syrup,Pieces,1
Ascorbic Acid Zinc,CEELIN PLUS DROPS,MED00034,,drops,Pieces,1
Ascorbic Acid Zinc,CEELIN PLUS SYRUP,MED00035,,syrup,Pieces,1
Ascorbic Acid Zinc,MEREVIT C SYRUP,MED00036,,syrup,Pieces,1
Ascorbic Acid Zinc,ZIP-C 500MG/10MG CAP,MED01223,500 mg,capsule,Box of 30,1
Ascorbic Acids,APCEE DROPS,MED01093,,drops,Pieces,1
Ascorbic Zinc,SUPRA C PLUS 60ML,MED1366,60 mL,,Bottle,1
Aspirin,ASPIRIN 80MG TABLET,MED00042,80 mg,tablet,Pieces,1
Aspirin,ASTHROMED 100MG TAB,MED1237,100 mg,tablet,Box of 100,1
Aspirin,BESPRIN 100MG TAB,MED00469,100 mg,tablet,Box of 100,1
Aspirin,PHILPRIN 80mg TAB,MED1248,80 mg,tablet,Box of 30,1
Atenolol,TENORVAS 50MG TAB,MED00623,50 mg,tablet,Box of 100,1
Atenolol,TENORVAS 50MG TAB,MED482,50 mg,tablet,Box of 100,1
Atorvast Perindopril Arginine Amlodipine,TRIVERAM 20/5/5 TAB,MED00442,,tablet,Box of 30,1
Atorvast Perindopril Arginine Amlodipine,TRIVERAM FORTE 40/10/10 TAB,MED01103,,tablet,Pieces,1
Atorvastatin,ADIVAST 40MG TABLET,MED00517,40 mg,tablet,Box of 24,1
Atorvastatin,ATORVAST 20MG TABLET,MED00043,20 mg,tablet,Box of 100,1
Atorvastatin,ATORVAST 40MG TABLET,MED00044,40 mg,tablet,Box of 100,1
Atorvastatin,ATORVASTATIN(10MG) TAB,0170,10 mg,tablet,Per unit,1
Atorvastatin,ITORVAZ 20MG TABLET,MED00490,20 mg,tablet,Box of 30,1
Atorvastatin,ITORVAZ 40MG TABLET,MED00491,40 mg,tablet,Box of 30,1
Atorvastatin,ITORVAZ 80MG TAB,MED00485,80 mg,tablet,Box of 30,1
Atracurium,ATRIUM 10MG/ML (2.5ML),MED01200,10 mg/mL,,Ampule,1
Atropine,ATREX 1MG/ML AMPULE,MED00324,1 mg/mL,ampule,Box of 10,1
Atropine,ATROPINE SULFATE 1MG/ML AMP,MED01030,1 mg/mL,ampule,Box of 10,1
Atropine,ATROPINE SULFATE AMP,MED01009,,ampule,Pieces,1
Ats,"ATS 1,500 AMPULE (ANTITET)",MED00325,,ampule,Box of 10,1
Ats,ATS 1500 (SHARJVAX) AMP,MED1255,,ampule,Box of 10,1
Ats,"ATS 3,000 AMPULE (SHARJVAX)",MED00326,,ampule,Box of 10,1
Azithromycin,AZCORE 500 TAB,MED01029,,tablet,Box of 30,1
Azithromycin,AZCOTIL 500MG TAB,MED00667,500 mg,tablet,Box of 100,1
Azithromycin,AZITHROMYCIN 500MG TABLET D,MED00046,500 mg,tablet,Box of 100,1
Azithromycin,AZOMAC 30ML,MED01193,30 mL,,Pieces,1
Azithromycin,HITHRO 200ml/5ml 15ml susp,MED00618,200 mL,suspension,Bottle,1
Azithromycin,ROSITAN 200mg/5ml 15ml SUSP,MED1251,200 mg/5 mL,suspension,Pieces,1
Azithromycin,ROZITAN 15ML,MED1170,15 mL,,Box of 10,1
Azithromycin,ROZITAN 200MG/5ML SUSP,MED00045,200 mg/5 mL,suspension,Box of 10,1
Azithromycin,STROZIN 500MG TAB,MED1340,500 mg,tablet,Box of 3,1
Aztreonam,AZTREONAM(1G)VIAL,0179,1 g,vial,Per unit,1
Bacillus Clausii,CLASIFLORA POLYAMP,MED00512,,,Box of 20,1
Bacillus Clausii,NOVOGERMINA 2BILLION CFU/5ML,MED1184,5 mL,,Box of 10,1
Bemiparin,HIBOR 2500IU/0.2ML INJECTION,MED00327,2500 iu,injection,Pieces,1
Benzylpenicillin,BIOPHEN 1M IU VIAL,MED00659,,vial,Pieces,1
Benzylpenicillin,"PEN G HARBIPEN 5,000,000 IU VIAL",MED00329,5000000 iu,vial,Pieces,1
Berafen,BERAFEN 200MG CAP,MED01073,200 mg,capsule,Pieces,1
Betahistine,EXIGO 24MG TABLET,MED01034,24 mg,tablet,Box of 30,1
Betahistine,OVERT 16MG TABLET,MED00047,16 mg,tablet,Box of 30,1
Betahistine,OVERT 24MG TABLET,MED00048,24 mg,tablet,Box of 30,1
Betahistine,SERC 24MG TABLET,MED00049,24 mg,tablet,Pieces,1
Betahistine,VERTINON 16MG TAB,MED00575,16 mg,tablet,Box of 30,1
Bicarbonate,BICARDIKON 84MG/ML AMP 20ML,MED1389,84 mg/mL,ampule,Box of 10,1
Bicarbonate,SODIUM BICARBONATE TABLET,MED00451,,tablet,Pieces,1
Bicarbonate,SOLUNATE 84MG/ML AMP,MED00406,84 mg/mL,ampule,Box of 50,1
Bisacodyl,DULCOLAX 10MG SUPPOSITORY,MED00594,10 mg,suppository,Box of 50,1
Bisacodyl,DULCOLAX 10MG SUPPOSITORY,00069999,10 mg,suppository,Pieces,1
Bisacodyl Suppsitory,BISACODYL 10MG (DULCOLAX) SUPPSITOR,MED0007999,10 mg,,Per unit,1
Bisoprolol,BISCORE 5MG TABLET,MED00605,5 mg,tablet,Box of 100,1
Bisoprolol,BISCORE 5MG TABLET,MED0065,5 mg,tablet,Box of 100,1
Bisoprolol,BISCORE 5MG TABLET,MED000358,5 mg,tablet,Box of 100,1
Bleomycin,BLEOMYCIN(15MG)VIAL,0187,15 mg,vial,Per unit,1
Budesonide,BREECORT 500MCG/2ML NEB,MED000781,500 mcg/2 mL,nebule,Box of 35,1
Budesonide,BUDERITE 250mg/ml AMP,MED1260,250 mg/mL,ampule,Box of 25,1
Budesonide,BUDESONIDE NEB,MED00563,,nebule,Pieces,1
Budesonide,BUDESONIDE(250MCG/ML)2ML NEBULE,0188,250 mcg/mL,nebule,Per unit,1
Budesonide,MD-SONIDE 250MCG/ML AMP,MED1288,250 mcg/mL,ampule,Box of 25,1
Budesonide Dinosed,BUDESONIDE DINOSED 500MG NEB,MED1378,500 mg,nebule,Box of 30,1
Budesonide Formoterol,BUDESONIDE + FORMOTEROL(160MCG/4.5MCG)120 METERED DOSE INHALER,0189,160 mcg,inhaler,Per unit,1
Budesonide Formoterol,BUDESONIDE + FORMOTEROL(160MCG/4.5MCG)60 METERED DOSE INHALER,0190,160 mcg,inhaler,Per unit,1
Budesonide Formoterol,SYMBICORT,MED00584,,,Pieces,1
Bumetanide,BURINEX 1MG TABLET,MED00050,1 mg,tablet,Box of 30,1
Bupivacaine,BUPIRIGHT 5MG/ML (4ML),MED01199,5 mg/mL,,Ampule,1
Bupivacaine,SENSORCAINE 0.5% (ISOVARIC) AMPULE,MED00331,,ampule,Box of 5,1
Bupivacaine,SENSORCAINE 0.5% HEAVY AMPULE,MED00330,20 mg/4 mL,ampule,Box of 5,1
Butamirate,ATUSSIN 50MG TAB,MED1370,50 mg,tablet,Pieces,1
Calcium Carbonate Vit D,CALVIDEN TABLET,MED00520,,tablet,Pieces,1
Calcium Carbonate Vitamin D,XYNETIN TABLET,MED00051,,tablet,Box of 100,1
Calcium Gluconate,CALCIUM GLUCONATE (100MG/10ML),0193,100 mg/10 mL,,Per unit,1
Canvedilol Ivabradine,CARIVALAN 6.25MG/5MG,MED01104,6.25 mg,,Pieces,1
Captopril,CAPTOPRIL 25MG TABLET,MED00053,25 mg,tablet,Box of 100,1
Carbocisteine,CARBOCISTEINE 500MG CAPSULE,MED00055,500 mg,capsule,Pieces,1
Carbocisteine Zinc,SOLMUX ADVANCE 500/5MG,MED00054,5 mg,capsule,Box of 100,1
Carvedilol,CARDIPRES 12.5MG TAB,MED00483,12.5 mg,tablet,Box of 30,1
Carvedilol,CARDIPRES 25MG TABLET,MED00592,25 mg,tablet,Box of 30,1
Carvedilol,CARDIPRES 25MG TABLET,00069989,25 mg,tablet,Box of 30,1
Carvedilol,CARVID 6.25MG TABLET,MED00059,6.25 mg,tablet,Box of 30,1
Carvedilol,DILABLOC 25MG TABLET,MED00057,25 mg,tablet,Box of 100,1
Carvedilol,DILABLOC 6.25G TABLET,MED00058,6.25 g,tablet,Box of 100,1
Carvida,CARVIDA 6.25MG TAB,MED01074,6.25 mg,tablet,Pieces,1
Cefaclor,CEFLOR 125MG/5ML 60ML,MED1150,125 mg/5 mL,,Pieces,1
Cefaclor,CEFLOR 50MG/ML DROPS,MED01040,50 mg/mL,drops,Box,1
Cefaclor,EPHRON 50MG DROPS,MED1334,50 mg,drops,Bottle,1
Cefaclor,REMEDLOR 250MG/5ML SUSPENSION,MED00060,250 mg/5 mL,suspension,Pieces,0
Cefaclor,REMEDLOR 50MG/ML DROPS,MED00061,50 mg/mL,drops,Pieces,0
Cefalexin Ml,LORECEP 100MG/ML DROPS,MED00062,100 mg/mL,drops,Pieces,0
Cefazolin,CEFAZOLIN (1G)VIAL,0194,1 g,vial,Per unit,1
Cefdinr,SAFDICURE 300MG CAPSULE,MED00063,300 mg,capsule,Box of 100,1
Cefepime,CEFEPIME(1G)VIAL,0195,1 g,vial,Per unit,1
Cefepime,CEFEPIME(2G)VIAL,0196,2 g,vial,Per unit,1
Cefixime,ACCEFIXIME 100/5MG SUSPENSION 60ML,MED01051,5 mg,suspension,Pieces,1
Cefixime,CEFIXIME 20MG/ML DROPS,MED01042,20 mg/mL,drops,Box,1
Cefixime,CEFIXIME 20MG/ML SUSPENSION,MED00068,20 mg/mL,suspension,Pieces,1
Cefixime,CEFIXSAPH 100MG/5ML SUSPENSION,MED00065,100 mg/5 mL,suspension,Pieces,1
Cefixime,CURACEF 25MG/ML SUSPENSION,MED00069,25 mg/mL,suspension,Pieces,1
Cefixime,MEXIME 200MG TAB,MED1245,200 mg,tablet,Box of 100,1
Cefixime,REFIX 100MG/5ML SUSP,MED1291,100 mg/5 mL,suspension,Pieces,1
Cefixime,REFIX 100MG/5ML SUSPENSION,MED00064,100 mg/5 mL,suspension,Pieces,1
Cefixime,REXMECEF 200MG TAB,MED1295,200 mg,tablet,Box of 20,1
Cefixime,SANIX 200MG TABLET,MED00066,200 mg,tablet,Box of 30,1
Cefixime,SONICEPH 100MG/5ML,MED1393,100 mg/5 mL,,Bottle,1
Cefixime,TERGECEF 20MG/ML DROPS,MED00067,20 mg/mL,drops,Pieces,1
Cefixime Caps,SAPHIXIME 200,MED01057,200 mg,,Box of 300,1
Cefixime Film Coated,SUPRAPHIL 200MG TAB,MED1161,200 mg,tablet,Box of 30,1
Cefixime Ng,ZEFIMED 200MG CAP,MED1187,200 mg,capsule,Box of 30,1
Cefoperazone Sulbactam,TRIBACEF 1.5G VIAL,MED1163,1.5 g,vial,Pieces,1
Cefotaxime,CEFOTAXIME(1G)VIAL,0197,1 g,vial,Per unit,1
Cefotaxime,CEFOTAXIME(500MG)VIAL,0198,500 mg,vial,Per unit,1
Cefoxitin,CEFOXITIN(1G)VIAL,0199,1 g,vial,Per unit,1
Cefoxitin,MONOWEL 1G IV,MED1380,1 g,,Vial,1
Cefoxitin Ig,CEFOXITIN NA (BROFOXIN) IG VIAL,MED1313,,vial,Box of 10,1
Ceftazidime,CEFTAZIDIME(1G)VIAL,0200,1 g,vial,Per unit,1
Ceftazidime,ZEFTACARE 1G VIAL,MED00432,1 g,vial,Per unit,1
Ceftriaxone,AMTRIX 1G,MED1372,1 g,,Pieces,1
Ceftriaxone,CEFTRIABBAS 1G VIAL,MED01004,1 g,vial,Box of 10,1
Ceftriaxone,CEFTRIAX 1G VIAL,MED00335,1 g,vial,Pieces,1
Ceftriaxone,CEFTRIAXONE(1G)VIAL,0201,1 g,vial,Per unit,1
Ceftriaxone,FORGRAM 1G VIAL,MED00439,1 g,vial,Pieces,1
Ceftriaxone,PEFTRIN 1G VIAL,MED01049,1 g,vial,Box of 10,1
Ceftriaxone,SITIXON 1G VIAL,MED00334,1 g,vial,Pack of 10,1
Ceftriaxone,ZULOX 1G VIAL,MED00336,1 g,vial,Pieces,1
Ceftriaxone Sulbactam,ZEFTRAX-S 1.5G VIAL,MED00333,1.5 g,vial,Pieces,1
Cefuroxime,CEFROX VIAL 750MG VIAL,MED00338,750 mg,vial,Pieces,1
Cefuroxime,CEFRUJECT 750MG VIAL,MED00339,750 mg,vial,Pieces,1
Cefuroxime,CEFRUXIMA 500MG TABLET,MED00075,500 mg,tablet,Box of 10,1
Cefuroxime,CEFUREX 500MG TABLET,MED00074,500 mg,tablet,Box of 30,1
Cefuroxime,CEFUROX 125MG/5ML SUSPENSION,MED00070,125 mg/5 mL,suspension,Pieces,1
Cefuroxime,CEFUSAPH-250 250MG/5ML SUSPENSION,MED00573,250 mg/5 mL,suspension,Pieces,1
Cefuroxime,CUROXIM 750MG VIAL,MED01076,750 mg,vial,Per unit,1
Cefuroxime,DANOXIME 750 VIAL,MED01151,750 mg,vial,Vial,1
Cefuroxime,DANOXIME 750MG VIAL,MED00486,750 mg,vial,Per unit,1
Cefuroxime,EROXIME 500MG TABLET,MED1398,500 mg,tablet,Box of 10,1
Cefuroxime,KEFSYNE 250MG/5ML SUSPENSION,MED00072,250 mg/5 mL,suspension,Pieces,1
Cefuroxime,MEDAXIME 500MG TABLET,MED00076,500 mg,tablet,Box of 30,1
Cefuroxime,MEDZYME 125MG/5ML SUSPENSION,MED1293,125 mg/5 mL,suspension,Bottle,1
Cefuroxime,MEDZYME 250MG/5ML SUSPENSION,MED1294,250 mg/5 mL,suspension,Bottle,1
Cefuroxime,QUALIFUR 750MG VIAL,MED00340,750 mg,vial,Pieces,1
Cefuroxime,SQCEF 250MG/5ML SUSPENSION,MED01135,250 mg/5 mL,suspension,Pieces,1
Cefuroxime,THEOROXIME 500MG TAB,MED01005,500 mg,tablet,Box of 100,1
Cefuroxime,VIACEF 750MG VIAL,MED01033,750 mg,vial,Per unit,1
Cefuroxime,ZEGEN 500MG TABLET,MED00073,500 mg,tablet,Box of 60,1
Cefuroxime,ZINACARE 750MG VIAL,MED00337,750 mg,vial,Pack of 10,1
Cefuroxime,ZOLTAX 750MG VIAL,MED1403,750 mg,vial,Pieces,1
Celecoxib,CELECOXIB(100MG)CAP,0203,100 mg,capsule,Per unit,1
Celecoxib,COXBITOR 200MG CAPSULE,MED00508,200 mg,capsule,Per unit,1
Celecoxib,COXSILV 200MG CAPSULE,MED01127,200 mg,capsule,Per unit,1
Celecoxib,ICOX 200MG CAPSULE,MED00569,200 mg,capsule,Box of 100,1
Celecoxib,KAIROXIB 200MG CAPSUELE,MED00078,200 mg,capsule,Per unit,1
Celecoxib,KOXIB 200MG CAP,MED00077,200 mg,capsule,Box of 100,1
Celecoxib,SAPHLECOX 200MG CAPSULE,MED01055,200 mg,capsule,Box of 100,1
Cetirizine,ALLECUR 5MG/5ML SYRUP,MED1329,5 mg/5 mL,syrup,Pieces,1
Cetirizine,ALLERJEC 2.5MG/ML DROPS,MED1385,2.5 mg/mL,drops,Box,1
Cetirizine,ALLERKID 2.5MG/ML DROPS,MED00080,2.5 mg/mL,drops,Pieces,1
Cetirizine,ALLERKID 2.5MG/ML DROPS(10ML),MED01001,2.5 mg/mL,drops,Bottle,1
Cetirizine,CETIRIGEN 10MG TAB,MED01078,10 mg,tablet,Box of 100,1
Cetirizine,CETRIKID 2.5MG/ML DROPS 15ML,MED1332,2.5 mg/mL,drops,Pieces,1
Cetirizine,CETZY-10 10MG TAB,MED1355,10 mg,tablet,Pieces,1
Cetirizine,CITRINE 5MG/5ML SYRUP,MED00082,5 mg/5 mL,syrup,Pieces,1
Cetirizine,HISTRIZINE 10MG TAB,MED00441,10 mg,tablet,Box of 100,1
Cetirizine,REAX 2.5MG/ML DROPS,MED00081,2.5 mg/mL,drops,Pieces,1
Cetirizine,REGIZINE 60ML,MED1365,60 mL,,Bottle,1
Cetirizine,SAPHZINE 10MG TAB,MED00685,10 mg,tablet,Box of 100,1
Cetirizine,SAPHZINE 10MG TABLET,MED00079,10 mg,tablet,Box of 100,1
Cetirizine,ZETRINX 10MG TAB,MED1174,10 mg,tablet,Box of 100,1
Cetirizine Phenylephrine,ALNIX PLUS 5/5MG/5ML SYRUP 60ML,MED00509,5 mg/5 mL,syrup,Pieces,1
Cevertron,CEVERTRON 650MG/35MG TAB,MED01142,650 mg,tablet,Box of 100,1
Chirocaine,(CHIROCAINE) LEVOBUPIVACAINE HCL AMPULE,MED00370,,ampule,Pieces,1
Chloramphenicol Palmitate,TYPHECLOR 125MG/5ML SUSP,MED00083,125 mg/5 mL,suspension,Pieces,1
Chloride,ALINASE NASAL SPRAY,MED00288,,spray,Pieces,1
Chloride,SALINASE NASAL DROPS,MED00287,,drops,Pieces,1
Chlorphenamine,MERVILAR TAB,MED01126,,tablet,Box of 100,1
Chlorphenamine,RIPHEN 4MG TABLET,MED00084,4 mg,tablet,Box of 100,1
Chlorphenamine,XYPHEN 10MG/ML AMPULE,MED00342,10 mg/mL,ampule,Box of 10,1
Choline Salicylate Benzalkonium Chloride,ZYTEE GEL,MED00434,,gel,Pieces,1
Cilostazol,PENCIL 50MG TAB,MED00487,50 mg,tablet,Box of 100,1
Cilostazol,PLETAAL 50MG TABLET,MED00086,50 mg,tablet,Box of 100,1
Cilostazol,PLETAAL SR 100MG,MED00085,100 mg,,Box of 30,1
Cinnarizine,DIZZINON 25MG TABLET,MED00087,25 mg,tablet,Box of 100,1
Cinnarizine,DIZZINON FORTE 75MG CAPSULE,MED00506,75 mg,capsule,Box of 100,1
Ciprofloxacin,ACIPRO 200MG VIAL,MED000680,200 mg,vial,Box of 10,1
Ciprofloxacin,CICLODIN 500MG TAB,MED00444,500 mg,tablet,Box of 100,1
Ciprofloxacin,CIPRODIN 500MG TABLET,MED00090,500 mg,tablet,Box of 100,1
Ciprofloxacin,CIPROFLOXACIN(2MG/ML)100ML VIAL,0206,2 mg/mL,vial,Per unit,1
Ciprofloxacin,CIPROQUINOL 500MG TABLET,MED00088,500 mg,tablet,Box of 100,1
Ciprofloxacin,CIPROSAN 200MG VIAL,MED1290,200 mg,vial,Pieces,1
Ciprofloxacin,CIPROSAN 500MG TAB,MED00971,500 mg,tablet,Box of 100,1
Ciprofloxacin,MABEFLOX 200MG VIAL,MED00343,200 mg,vial,Pieces,1
Ciprofloxacin,QUINOCIP 2mg/2ml vial,MED01248,2 mg/2 mL,vial,Vial,1
Ciprofloxacin,SITIFLOX 500MG TABLET,MED00089,500 mg,tablet,Box of 100,1
Ciprogyl Nl,CIPROGYL 200MG/100ML VIAL,MED01375,200 mg/100 mL,vial,Box of 10,1
Citicoline,CHOLINERV 1G/4ML AMPULE,MED1281,1 g/4 mL,ampule,Box of 5,1
Citicoline,CITIFAR 1G AMPULE,MED00970,1 g,ampule,Box of 5,1
Citicoline,CITIFAR 500MG TAB,MED00499,500 mg,tablet,Box of 30,1
Citicoline,QUANIL 500MG TABLET,MED00092,500 mg,tablet,Box of 10,1
Citicoline,ZYNAPSE 1G TABLET,MED00091,1 g,tablet,Box of 24,1
Citicoline,ZYNAPSE 1G/4ML AMPULE,MED00344,1 g/4 mL,ampule,Box of 5,1
Clarithromycin,ACCETHROM 125MG/ML SUSPENSION,MED01136,125 mg/mL,suspension,Pieces,1
Clarithromycin,ACCETHROM 250MG/5ML SUSPENSION,MED01137,250 mg/5 mL,suspension,Pieces,1
Clarithromycin,CLARITHROCID 250MG TABLET,MED00096,250 mg,tablet,Box of 30,1
Clarithromycin,CLARITHROCID 500MG TABLET,MED00098,500 mg,tablet,Box of 30,1
Clarithromycin,CLARITHROMED 125MG/5ML SUSP,MED01098,125 mg/5 mL,suspension,Pieces,1
Clarithromycin,CLARITHROMED 250/5ML SUSP,MED00093,5 mL,suspension,Bottle,1
Clarithromycin,CLARIWELL 250MG/5ML SUSPENSION,MED01018,250 mg/5 mL,suspension,Pieces,1
Clarithromycin,KODACIN 125mg/5ml 80ml,MED0161,125 mg/5 mL,,Bottle,1
Clarithromycin,RAHMACIN 125MG/5ML,MED00095,125 mg/5 mL,suspension,Pieces,0
Clarithromycin,RAHMACIN 250MG/5ML,MED00097,250 mg/5 mL,suspension,Pieces,0
Clarithromycin Suspesnion,KLARYZ 125MG/5ML SUSPENSION,MED00094,125 mg/5 mL,suspension,Pieces,1
Clindamycin,ACRESIL 300MG CAPSULE,MED01087,300 mg,capsule,Box of 100,1
Clindamycin,CLIN-GEN 300MG CAPSULE,MED00099,300 mg,capsule,Box of 100,1
Clindamycin,CLINDAGOLD 300MG CAPSULE,MED01058,300 mg,capsule,Box of 100,1
Clindamycin,CLINDAMYCIN(150MG/ML)2ML AMP,0207,150 mg/mL,ampule,Per unit,1
Clindamycin,CLINDAMYCIN(150MG/ML)4ML AMP,0208,150 mg/mL,ampule,Per unit,1
Clindamycin,CLINDAXIN 300MG CAPSULE,MED00100,300 mg,capsule,Box of 100,1
Clindamycin,PELDACYN 600ML/4ML AMPULE,MED00345,600 mL,ampule,Pieces,1
Cloheal,CLOHEAL 75MG TAB,MED01071,75 mg,tablet,Per unit,1
Clonidine,CATACLON 75MCG TABLET,MED00101,75 mcg,tablet,Box of 100,1
Clonidine,CLONIPRESS 150 MCG TAB,MED01212,150 mcg,tablet,Per unit,1
Clonidine,CLONIPRESS 75MCG TAB,MED01213,75 mcg,tablet,Box of 100,1
Clopidogrel,CLOPIDOGEN 75MG TAB,MED000499,75 mg,tablet,Per unit,1
Clopidogrel,CLOVIX 75MG TABLET,MED00492,75 mg,tablet,Box of 30,1
Clopidogrel,PIGREL 75MG TABLET,MED00104,75 mg,tablet,Per unit,1
Clopidogrel,PLATZ 75MG TABLET,MED00103,75 mg,tablet,Per unit,1
Clopidogrel,PLAVIX 75MG TAB,MED00668,75 mg,tablet,Per unit,1
Clopidogrel Aspirin,NORPLAT S 75/75MG TABLET,MED00102,75 mg,tablet,Box of 10,1
Clopidogrel Bisulfate Aspirin,ECOSPRIN PLUS 75MG/75MG TABLET,MED00471,75 mg,tablet,Box of 30,1
Clotrimazole,CANDIVA EAR DROPS 1% W/V EAR DROPS,MED00107,,drops,Pieces,1
Clotrimazole Beclometasone G G,CANDIBEC CREAM,MED00105,10 mg,cream,Pieces,1
Clotrimazole Beclometasone Gentamicin W W,COMBIDERM CREAM,MED00106,,cream,Pieces,1
Clovimed,CLOVIMED 457MG/15ML,MED1335,457 mg/15 mL,,Gallon,1
Cloxacillin,CLOXACIN 250MG/5ML SUSP 60ML,MED1171,250 mg/5 mL,suspension,Pieces,1
Cloxacillin,CLOXAL 500MG,MED1157,500 mg,,Box of 100,1
Cloxacillin,CLOXASAPH-250 250MG/5ML SUSPENSION,MED00571,250 mg/5 mL,suspension,Pieces,1
Co Amoxiclav,ALCLAV 625MG TABLET,MED00586,625 mg,tablet,Box of 100,1
Co Amoxiclav,ALCLAV BID 228.5MG/5ML SUSPENSION,MED00109,228.5 mg/5 mL,suspension,Pieces,1
Co Amoxiclav,ALCLAV DS 457MG/5ML SUSP 70ML,MED00566,457 mg/5 mL,suspension,Pieces,1
Co Amoxiclav,CLAVOXSEA 625MG TABLET,MED01117,625 mg,tablet,Box of 14,1
Co Amoxiclav,CO-AMOXISAPH 125MG /31.25MG/5 ML,MED00108,31.25 mg/5 mL,suspension,Pieces,1
Co Amoxiclav,CO-AMOXISAPH 250/62.5MG/5ML SUSPENSION,MED01099,62.5 mg/5 mL,suspension,Pieces,1
Co Amoxiclav,COMOXI 156.35MG/5ML SUSPENSION,MED1253,156.35 mg/5 mL,suspension,Pieces,1
Co Amoxiclav,COMXICLA 625 MG TABLET,MED00114,625 mg,tablet,Box of 20,1
Co Amoxiclav,COSMOX 500MG/125MG TAB,MED1342,500 mg,tablet,Box of 18,1
Co Amoxiclav,JAZIMOX 625MG TAB,MED01015,625 mg,tablet,Box of 21,1
Co Amoxiclav,MEOXICLAV 457MG/5ML SUSPENSION,MED01138,457 mg/5 mL,suspension,Pieces,1
Co Amoxiclav,MIXCLAV 250MG/62.5MG/5ML SUSPENSION,MED00110,62.5 mg/5 mL,suspension,Pieces,1
Co Amoxiclav,NATRAVOX 400/57MG/5ML SUSPENSION,MED00431,57 mg/5 mL,suspension,Pieces,1
Co Amoxiclav,NATRAVOX 600MG/42.9MG/5ML SUSPENSION,MED00112,42.9 mg/5 mL,suspension,Pieces,1
Co Amoxiclav,NATRAVOX 625 MG TABLET,MED00113,625 mg,tablet,Box of 40,1
Co Amoxiclav,RANICLAV 625mg tab,MED00637,625 mg,tablet,Box of 14,1
Co Amoxiclav,TRINMOXIL 457/5ml,MED1250,5 mL,,Bottle,1
Co Amoxiclav,XYVEEMOX 625,MED01082,,,Box of 14,1
Co Amoxiclav Enhamox,ENHAMOX 400MG/57MG/5ML SUSPENSION,MED00111,57 mg/5 mL,suspension,Pieces,0
Colchicine,COLCHICINE (VONWELT) 500MCG TABLET,MED001142,500 mcg,tablet,Box of 100,1
Colchicine,GOUTLESS 500MCG TABLET,MED00116,500 mcg,tablet,Box of 10,1
Colchicine,GOUTSAPH 500MCG TABLET,MED00115,500 mcg,tablet,Box of 100,1
Cotrimazole,COMBIZOLE 800/160MG TAB,MED01187,160 mg,tablet,Box of 100,1
Cotrimoxazole,CARBALOR 200MG/40MG/5ML SUSPENSION,MED00117,40 mg/5 mL,suspension,Pieces,1
Cotrimoxazole,KATHREX 240MG/5ML SUSPENSION,MED01027,240 mg/5 mL,suspension,Bottle of 30,1
Cotrimoxazole,XOLFATRIM 400/80MG/5ML SUSPENSION 60ML,MED00464,80 mg/5 mL,suspension,Pieces,1
Cotrimoxazole,ZOLMED FORTE 400 MG / 80 MG / 5ML SUSPENSION,MED00118,80 mg/5 mL,suspension,Pieces,1
Cotrimoxazole,ZOLMED FORTE 800 MG / 160 MG TABLET,MED00119,800 mg,tablet,Box of 100,1
Cozith S,COZITH-S 500mg tablet,MED01054,500 mg,tablet,Box of 3,1
Dabigatran Etexilate,DABITRIN 150mg CAP,MED1252,150 mg,capsule,Pieces,1
Dapagliflozin,CATANIA 10MG TAB,MED1265,10 mg,tablet,Box of 30,1
Dapagliflozin,FORXIGA 10MG TABLET,MED00120,10 mg,tablet,Box of 28,1
Dapaglifozin,GLUCUSURIA 10MG TAB,MED1233,10 mg,tablet,Box of 30,1
Daryl Suspesion,DARYL 125/5ML SUSPENSION,MED01026,5 mL,suspension,Bottle,1
Deferoxamine,DEFEROXAMINE (500MG) VIAL,0213,500 mg,vial,Per unit,1
Desonide,DOSETIL 0.5MG/G CREAM,MED00513,0.5 mg,cream,Pieces,1
Dexamethasone,DEXAMETHASONE 4MG/ML AMPULE,MED00576,4 mg/mL,ampule,Box of 10,1
Dexamethasone,DEXAT 500MCG TABLET,MED00589,500 mcg,tablet,Box of 100,1
Dexamethasone,DEXTAR 4MG/ML,MED1151,4 mg/mL,,Ampule,1
Dexamethasone,DEXTON 5mg/ml AMP,MED1249,5 mg/mL,ampule,Box of 50,1
Dexamethasone,DRENEX 3MG TABLET,MED00599,3 mg,tablet,Box of 50,1
Dexamethasone,DRENEX 3MG TABLET,MED000013,3 mg,tablet,Box of 50,1
Dexamethasone,IMPODEX 500MCG TABLET,MED00620,500 mcg,tablet,Box of 100,1
Dexamethasone,IMPODEX 500MCG TABLET,MED000785,500 mcg,tablet,Box of 100,1
Dexamethasone,MOHSIDEX 8MG/2ML AMPULE,MED00346,8 mg/2 mL,ampule,Box of 10,1
Dexamethasone Dexasan,DEXASAN 8MG/2ml AMP,MED1377,8 mg/2 mL,ampule,Box of 10,1
Dexamethasone Iv,DEXAMETHASONE IV 5MG/ML 1ML AMPULE,0215,5 mg/mL,ampule,Per unit,1
Dexamrthasone Sod Phos,DEXTICORT 4MG/ML,MED1181,4 mg/mL,,Vial,1
Diacerein,OSTOGARD 50 MG TABLET,MED00121,50 mg,tablet,Box of 10,1
Diazepam,DIAZEPAM(5MG/ML)2ML AMP,0216,5 mg/mL,ampule,Per unit,1
Diazepam,VALIUM 5MG/ML AMPULE,MED00347,5 mg/mL,ampule,Box of 10,1
Dibenconazole,HERACLENE 1MG,MED00122,1 mg,,Box of 100,1
Dibenconazole,HERACLENE FORTE 3MG,MED00123,3 mg,,Box of 48,1
Digoxin,DIGOX 250 MCG TAB,MED1169,250 mcg,tablet,Pieces,1
Digoxin,DIGOXIN (250MCG/ML) 2ML AMP,0217,250 mcg/mL,ampule,Per unit,1
Digoxin,DIXIN 250MCG TABLET,MED00468,250 mcg,tablet,Box of 100,1
Digoxin,DIXIN 500MCG/2ML AMPULE,MED00348,500 mcg/2 mL,ampule,Box of 10,1
Digoxin,INOXIN 250MCG TABLET,MED00124,250 mcg,tablet,Box of 100,1
Diosmin Hesperidin,DAFLON 500MG TABLET,MED00621,500 mg,tablet,Box of 30,1
Diosmin Hesperidin,DAFLON 500MG TABLET,MED000798,500 mg,tablet,Box of 30,1
Diosmin Hesperidin,DAFLON 900/100MG TABLET,MED00437,100 mg,tablet,Box of 30,1
Diosmin Hesperidin,VENORIGHT 500MG TABLET,MED00125,500 mg,tablet,Box of 30,1
Diphenhydramine,ALLERIGHT 50MG AMPULE,MED1323,50 mg,ampule,Box of 10,1
Diphenhydramine,BENADREX 12.5MG/5ML SYRUP,MED00126,12.5 mg/5 mL,syrup,Pieces,1
Diphenhydramine,DIAHIST 12.5MG/5ML SYRUP,MED00127,12.5 mg/5 mL,syrup,Pieces,1
Diphenhydramine,DIPHENHYDRAMINE HCL 50MG CAP,MED00459,50 mg,capsule,Box of 100,1
Diphenhydramine,DIPHENHYDRAMINE(50MG/ML)1ML AMP,0218,50 mg/mL,ampule,Per unit,1
Diphenhydramine,HISTAMOX 60ML,MED1367,60 mL,,Pieces,1
Diphenhydramine,HYPHEN 50MG/ML AMPULE,MED1280,50 mg/mL,ampule,Box of 10,1
Diphenhydramine,RABAPHEN 50MG/ML AMPULE,MED00349,50 mg/mL,ampule,Box of 10,1
Diphenhydramine Omg,BENADREX 50MG CAP,MED00476,50 mg,capsule,Box of 100,1
Disudrin,DISUDRIN 2.5/500MCG/ML DROPS 10ML,MED01146,500 mcg/mL,drops,Bottle,1
Dobutamine,DOBUBAX 250MG/20ML,MED01096,250 mg/20 mL,,Pieces,1
Dobutamine,DOBUMAK 50MG/ML,MED1353,50 mg/mL,,Pieces,1
Dobutamine,DOBUMEAN 250MG/20ML VIAL,MED00350,250 mg/20 mL,vial,Box of 10,1
Dobutamine,DOBUTAMINE (50MG/ML)5ML AMP,0219,50 mg/mL,ampule,Per unit,1
Domperidone,ACCEDOME 1MG/ML SUSP 60ML,MED00507,1 mg/mL,suspension,Pieces,1
Domperidone,SAPHRIDONE 10MG TABLET,MED00128,10 mg,tablet,Box of 100,1
Dopamine,DOPABAS AMP,MED01094,,ampule,Pieces,1
Dopamine,DOPAMINE(40MG/ML)5ML AMP,0220,40 mg/mL,ampule,Per unit,1
Dopamine,DOPAN 200MG/5ML AMPULE,MED00351,200 mg/5 mL,ampule,Box of 5,1
Dopamine,DOPTREX 200MG/5ML AMP,MED1240,200 mg/5 mL,ampule,Box of 5,1
Doxofylline,DILATAIR 400MG TAB,MED1241,400 mg,tablet,Box of 30,1
Doxofylline,DOXYCLIR 400MG TAB,MED00449,400 mg,tablet,Box of 100,1
Doxycycline,DOXYCYCLINE(100MG)TAB,0221,100 mg,tablet,Per unit,1
Dutasteride Tamsulosin,DUTIMAX 500mcg/400mcg tab,MED1254,500 mcg,tablet,Box of 30,1
Edoxaban,LIXIANA 30MG FILM COATED TABLET,MED00619,30 mg,tablet,Box of 28,1
Edoxaban,LIXIANA 30MG FILM COATED TABLET,MED00067889,30 mg,tablet,Box of 28,1
Edoxaban,LIXIANA 60MG FILM COATED TABLET,MED00624,60 mg,tablet,Box of 28,1
Edoxaban,LIXIANA 60MG FILM COATED TABLET,MED69788,60 mg,tablet,Box of 28,1
Enfamil Catch Up,ENFAMIL CATCH UP (PREMATURE),MED00577,,,Pieces,1
Enfamil One,ENFAMIL ONE,MED00578,,,Pieces,1
Enfamil One Milk Formula Can,ENFAMIL ONE (O-6 MONTHS) MILK FORMULA CAN,MED00460,,,Pieces,1
Enoxaparin,BNOXAPARIN 0.4 INJECTION,MED1327,,injection,Pieces,1
Enoxaparin,CLEXANE 0.4 INJECTION,MED00353,4000 iu,injection,Box of 2,1
Enoxaparin,CLEXANE 0.6 INJECTION,MED00354,6000 iu,injection,Box of 2,1
Enoxaparin,CLEXANE 2000IU/0.2ML INJECTION,MED00352,2000 iu,injection,Box of 2,1
Enoxaparin Syringe,ENOXAPARIN(100/ML) 0.4ML SYRINGE,0222,0.4 mL,,Per unit,1
Enoxaparin Syringe,ENOXAPARIN(100/ML) 0.6ML SYRINGE,0223,0.6 mL,,Per unit,1
Ephedrine,EPHEDRINE 1MG/ML AMPULE,MED00355,1 mg/mL,ampule,Box of 10,1
Epinephrine,EPIBBAS AMP,MED1193,,ampule,Box of 10,1
Epinephrine,MAXIPHRINE 1MG/ML AMP,MED01214,1 mg/mL,ampule,Box of 10,1
Epinephrine Mlampule,EPIX 1MG/1ML AMPULE,MED00356,1 mg/1 mL,ampule,Box of 10,1
Epoetin Alfa Ml,EPO-ACE 4000IU/ML,MED1349,4000 iu,,Pieces,1
Ergomet,ERGOMET 200MCG/ML AMPULE,MED00649,200 mcg/mL,ampule,Pieces,1
Ertapenem,ERTAPENEM(1G) VIAL,0225,1 g,vial,Per unit,1
Erythromycin,MYCIN 0.5% EYE OINTMENT,MED00433,,ointment,Pieces,1
Erythromycin,OPTRYL 0.5% OPHTHALMIC OINTMENT,MED00129,,ointment,Per unit,1
Erythromycin Ethylsuccinate,ERYCAR 100MG/2.5ML DROPS 30ML,MED00477,100 mg/2.5 mL,drops,Pieces,1
Esmolol,ESMOLOL(10MG/ML)10ML VIAL,0227,10 mg/mL,vial,Per unit,1
Esomeprazole,ESOMETOR 40MG CAPSULE,MED00131,40 mg,capsule,Box of 30,1
Esomeprazole,ESPAZOL 40MG VIAL,MED00452,40 mg,vial,Pieces,1
Esomeprazole,FRAZONE 40MG CAPSULE,MED00132,40 mg,capsule,Pieces,0
Esomeprazole,PEPRAZOM 40MG CAPSULE,MED00130,40 mg,capsule,Box of 14,1
Etoricoxib,ARCOXIA 120MG TABLET,MED00133,120 mg,tablet,Box of 30,1
Etoricoxib,ARTHRIMED 120mg TAB,MED01128,120 mg,tablet,Box of 10,1
Etoricoxib,ETOREX 120MG TAB,MED1162,120 mg,tablet,Box of 30,1
Etoricoxib,ETORINOV 120MG TAB,MED1243,120 mg,tablet,Box of 30,1
Etoricoxib,ETOXIA 120MG TAB,MED1287,120 mg,tablet,Box of 30,1
Etoricoxib,XIBORA 120MG TAB,MED1262,120 mg,tablet,Box of 50,1
Etoricoxib,XIBRA 120MG TABLET,MED00429,120 mg,tablet,Box of 30,1
Etoricoxib,XIBRA 90MG TABLET,MED00134,90 mg,tablet,Box of 30,1
Famotidine,FAMOTIDINE(20MG) VIAL,0228,20 mg,vial,Per unit,1
Feboxostat,UXENTA TAB 40MG,MED01194,40 mg,tablet,Box of 30,1
Febuxostat,FEBUNAZ 40MG TABLET,MED00565,40 mg,tablet,Box of 100,1
Febuxostat,FEBUNAZ 80MG TABLET,MED00564,80 mg,tablet,Box of 100,1
Febuxostat,URICA 40MG TABLET,MED00136,40 mg,tablet,Box of 30,1
Febuxostat,URICA 80MG TABLET,MED00137,80 mg,tablet,Box of 30,1
Fenofibrate,AUDRA 300MG CAPSULE,MED00139,300 mg,capsule,Box of 100,1
Fenofibrate,LIPIDUCE 160MG TABLET,MED00138,160 mg,tablet,Box of 100,1
Fenofibrate,ZINOF 200MG CAP,MED00480,200 mg,capsule,Box of 20,1
Fentanyl,FENTANYL (50MCG/ML) 2ML AMP,0229,50 mcg/mL,ampule,Per unit,1
Fentanyl,TROFENTYL 100MCG/2ML AMPULE,MED00358,100 mcg/2 mL,ampule,Box of 5,1
Ferrous,FEROLEM 75MG/0.6ML DROPS,MED00141,75 mg/0.6 mL,drops,Pieces,0
Ferrous,HEMOVIT 325MG TABLET HEMOVIT,MED00140,325 mg,tablet,Box of 100,1
Fexoxan,FEXOXAN 40MG TAB,MED01072,40 mg,tablet,Box of 10,1
Flu Vaccine Adult,FLU VACCINE ADULT,OTH000041,,,None,1
Flu Vaccine Adult,FLUARIX VACCINE ADULT,MED00666,,,Pieces,1
Fluconazole,FLUCONAZOLE(2MG/ML)100ML VIAL,0230,2 mg/mL,vial,Per unit,1
Flumazenil,FLUMAZENIL (100MCG/ML) 5ML AMP,0231,100 mcg/mL,ampule,Per unit,1
Flunarizine,FLUMIG 5MG CAPSULE,MED00143,5 mg,capsule,Box of 100,1
Fluocinolone Acetonide Polymyxin B Neomycin,SYNALAR OTIC DROPS,MED00144,5 mg/mL,drops,Pieces,1
Fluphenazine,FLUPHENAZINE(25MG/ML) 1ML AMP,0232,25 mg/mL,ampule,Per unit,1
Fluticasone Salmetarol Metered Dose,FLUTICASONE+SALMETAROL(250MCG/25MCG) METERED DOSE INHALER,0234,250 mcg,inhaler,Per unit,1
Fluticasone Salmeterol,FLUTICASONE + SALMETEROL (125MCG/25MCG) METERED DOSE INHALER,0233,125 mcg,inhaler,Per unit,1
Folic Acid,FOLART DROPS 2.5MG/ML DROPS,MED00145,2.5 mg/mL,drops,Pieces,1
Folic Acid,FOLART SYRUP 5MG/5ML SYRUP,MED00146,5 mg/5 mL,syrup,Pieces,1
Fondaparinux,ARIXTRA 2.5MG/0.5ML PRE-FILLED SYRINGE,MED000445,2.5 mg/0.5 mL,,Box of 10,1
Food Supplement,IONOZINC 600MG CAPS,MED1361,600 mg,,Pieces,1
Foskina,FOSKINA 2% OINTMENT,MED1141,,ointment,Pieces,1
Fucidin,FUCIDIN 2% CREAM 5G,MED00597,5 g,cream,Pieces,1
Fucidin,FUCIDIN 2% CREAM 5G,2,5 g,cream,Pieces,1
Fucidin,FUCIDIN 2% OINTMENT,MED00639,,ointment,Pieces,1
Furosemide,DIULIX AMP 10MG/ML (20MG/2ML),MED1178,10 mg/mL,ampule,Box of 10,1
Furosemide,FUROSAM 10MG/ML AMP,MED1359,10 mg/mL,ampule,Box of 10,1
Furosemide,FUROSEMIDE 20MG TABLET,MED00147,20 mg,tablet,Box of 100,1
Furosemide,FUROSEMIDE 40MG TABLET,MED00665,40 mg,tablet,Box of 100,1
Furosemide,FUROXIDE 20MG/2ML AMPULE,MED00323,20 mg/2 mL,ampule,Box of 10,1
Furosemide,FUSEDEX 40MG TABLET,MED00650,40 mg,tablet,Box of 100,1
Furosemide,FUSEM 20MG/2ML AMPULE,MED00980,20 mg/2 mL,ampule,Box of 10,1
Furosemide,LAZICARE AMPULE,MED00997,,ampule,Box of 10,1
Furosemide,MD-URETIC 20MG/ML AMP,MED01178,20 mg/mL,ampule,Box of 10,1
Furosemide,UROMID 40MG TABLET,MED00148,40 mg,tablet,Box of 100,1
Furosemide Mlampule,ROSEMIDE 20MG/2ML AMPULE,MED00359,20 mg/2 mL,ampule,Box of 10,1
Fusidate,FUCIDIN 2% OINTMENT 5G,MED00525,5 g,ointment,Pieces,1
Fusidic Acid,FUCIDIN 2% CREAM 15G,MED00606,15 g,cream,Pieces,1
Fusidic Acid,FUCIDIN 2% CREAM 15G,MED000400,15 g,cream,Pieces,1
Fusidic Acid,FUCIDIN 50MG/ML SUSPENSION,MED00149,50 mg/mL,suspension,Pieces,1
Fusidic Acid,FUSINOV 20MG CREAM,MED1292,20 mg,cream,Pieces,1
Fusidic Acid Betamethasone,FUCICORT 20MG/1MG/G CREAM 5G,MED00615,20 mg,cream,Pieces,1
Fusidic Acid Betamethasone,FUCICORT 20MG/1MG/G CREAM 5G,MED000590,20 mg,cream,Pieces,1
Gabapentin,GABIX 100MG CAPSULE,MED00421,100 mg,capsule,Box of 10,1
Gabapentin,GABIX 300MG CAPSULE,MED00422,300 mg,capsule,Box of 10,1
Gabapentin,ONEGABA 300MG CAPSULE,MED00662,300 mg,capsule,Box of 30,1
Gentamicin,GENTAMICIN (40MG/ML) 2ML AMPULE,0236,40 mg/mL,ampule,Per unit,1
Gentamicin Gentacare,GENTAMICIN SULFATE 3MG/ML (0.3% W/V) OPHTHALMIC/OTIC SOLUTION GENTACARE,MED00153,3 mg/mL,solution,Pieces,1
Gentamycin,GENTACARE 80MG/2ML AMPULE,MED00360,80 mg/2 mL,ampule,Box of 10,1
Gliclazide,GLYCENIL 60MG TAB,MED1278,60 mg,tablet,Box of 100,1
Glimepiride,DIAMICRON MR 60MG TABLET,MED00591,60 mg,tablet,Box of 60,1
Glimepiride,DIAMICRON MR 60MG TABLET,000466,60 mg,tablet,Box of 60,1
Glimepiride,GETRYL 4MG TAB,MED01010,4 mg,tablet,Pack of 20,1
Glimepiride,GLIMESYN 2MG TAB,MED00479,2 mg,tablet,Box of 100,1
Glocare Plu,GLOCARE PLUS,MED1158,,,Box of 100,1
Glycerin,GLYCERIN SUPPOSITORY ADULT,MED00155,,suppository,Bottle of 12,1
Glycerin Pedia,GLYCERIN SUPPOSITORY PEDIA,MED00156,,suppository,Bottle of 12,1
Go On One Pre Filled Syringe,GO-ON 25MG ONE PRE-FILLED SYRINGE,MED00157,25 mg,,Pieces,0
Guaifenesin Salbutamol,SALGEE SYR 50MG/1MG/5ML SYRUP,MED00567,1 mg/5 mL,syrup,Pieces,1
Haloperidol,HALOPERIDOL (5MG/ML) 1ML AMPULE,0237,5 mg/mL,ampule,Per unit,1
Haloperidol Deconoate,HALDOL 50MG/ML AMP,MED01056,50 mg/mL,ampule,Pieces,1
Hbe With Collagen,ECMAX HBE WITH COLLAGEN,MED00678,,,Box of 30,1
Heparin,HEPARIN (1000IU/ML) 5ML VIAL,0238,1000 iu,vial,Per unit,1
Heparin,HEPARIN (5000IU/ML) 5ML VIAL,0239,5000 iu,vial,Per unit,1
Herpex,(HERPEX) ACICLOVIR 400MG TAB,MED00446,400 mg,tablet,Pieces,1
Homatropine,KEDAR 5MG TABLET,MED00159,5 mg,tablet,Box of 100,1
Homatropine,KEDAR 5MG/5ML SYRUP,MED00160,5 mg/5 mL,syrup,Pieces,1
Human Albumin,ZENALB 20% SOLUTION,MED00496,,solution,Pieces,1
Human Insulin R,HUMAN INSULIN R (100IU/ML) 10ML,0240,100 iu,,Per unit,1
Hyaluronate Gf,SODIUM HYALURONATE OPHTHALMIC SOLN 0.1% 5ML (GF,0330,5 mL,solution,Per unit,1
Hydralazine,SAPHARIN 20MG/ML AMP,MED1238,20 mg/mL,ampule,Box of 10,1
Hydrite,HYDRITE REF APPLE GRN 4.1G,MED01002,4.1 g,,None,1
Hydro Aid,HYDRO-AID APPLE 250ml liq,MED00999,250 mL,,Box of 24,1
Hydro Aid,HYDRO-AID GRAPE 250ml liq,MED01000,250 mL,,Box of 24,1
Hydrocortisone,CINTADOR 100MG VIAL,MED00676,100 mg,vial,Box of 10,1
Hydrocortisone,CINTADOR 250MG VIAL,MED00364,250 mg,vial,Box of 10,1
Hydrocortisone,CORBAL 250MG VIAL,MED0664,250 mg,vial,Box of 10,1
Hydrocortisone,CORTIZ-100 VIAL,MED001108,100 mg,vial,Box of 10,1
Hydrocortisone,CORTIZONE 100MG,MED01152,100 mg,,Box of 10,1
Hydrocortisone,DOCOR-250 VIAL,MED01108,250 mg,vial,Box of 10,1
Hydrocortisone,GORTIZONE 100MG VIAL,MED01170,100 mg,vial,Box of 10,1
Hydrocortisone,GORTIZONE 250MG VIAL,MED01153,250 mg,vial,Box of 10,1
Hydrocortisone,HOVICOR 10MG/G CREAM,MED00161,10 mg,cream,Pieces,1
Hydrocortisone,HYDROBET 250MG VIAL,MED01095,250 mg,vial,Box of 10,1
Hydrocortisone,HYDROCORTIBAS 100MG VIAL,MED00362,100 mg,vial,Box of 10,1
Hydrocortisone,HYZONATE 100MG VIAL,MED01012,100 mg,vial,Box of 10,1
Hydrocortisone,IVCORT 100MG VIAL,MED1324,100 mg,vial,Box of 10,1
Hydrocortisone,LYCORTIS 100MG VIAL,MED01216,100 mg,vial,Box of 10,1
Hydrocortisone,SOLU-CORTEF 100MG/2ML VIAL,MED00363,100 mg/2 mL,vial,Pieces,1
Hydrocortisone,SOLU-CORTEF 250MG/2ML,MED1186,250 mg/2 mL,,Box of 10,1
Hydrocortisone,ZELERA 100MG,MED1392,100 mg,,Pieces,1
Hydrocortisone G,ECZACORT HYDROCORTISONE 10MG/G CREAM,MED00162,10 mg,cream,Pieces,1
Hyoscine,SPASBASCINE AMP,MED01003,,ampule,Box of 10,1
Hyoscine Hyozani,HYOSCINE HYOZANI AMP,MED1413,,ampule,Box of 10,1
Hyoscine N Butylbromide,EUROZINE 20MG/ML AMPULE,MED00361,20 mg/mL,ampule,Box of 10,1
Hyoscine N Butylbromide,HYOPHIL 20MG/ML AMP,MED01222,20 mg/mL,ampule,Box of 10,1
Hyoscine N Butylbromide,HYOSAPH 20MG/ML,MED1351,20 mg/mL,,Box of 10,1
Hyoscine N Butylbromide,SPASMOSON AMP,MED1155,,ampule,Box of 10,1
Hypo Act,HYPO ACT 2mg/ml 8mg/4ml,MED01048,2 mg/mL,,Box of 10,1
Ibuprofen,DOLAN 100MG/5ML,MED00164,100 mg/5 mL,suspension,Pieces,1
Ibuprofen,DOLAN FP 40MG/ML DROPS,MED00166,40 mg/mL,drops,Pieces,1
Ibuprofen,DOLAN FP FORTE 200MG/5ML,MED00165,200 mg/5 mL,suspension,Pieces,1
Ibuprofen,DOUPAIN 100MG/5ML SUSPENSION,MED00163,100 mg/5 mL,suspension,Pieces,1
Ibuprofen,IBUPROFEN (100MG/5ML) 60ML SYRUP,0245,100 mg/5 mL,syrup,Per unit,1
Ibuprofen,IBUPROFEN (200MG) TABLET,0246,200 mg,tablet,Per unit,1
Ibuprofen,IBUPROFEN (200MG/5ML) 60ML SYRUP,0247,200 mg/5 mL,syrup,Per unit,1
Insulin Glargine,TOUJEO INJ 300 UNITS /5ML,MED01196,5 mL,injection,Pieces,1
Insulin Glargine Lixisenatide,SOLIQUA 100UNITS/ML,MED1143,,,Box of 3,1
Insulin Pen Podevta,INSULIN PEN PODEVTA,MED00167,,,Box of 5,1
Insulin Pen Tresiba,INSULIN PEN TRESIBA,MED00168,,,Pieces,1
Iopamidol,IOPAMIRO 612MG/ML VIAL,MED00365,612 mg/mL,vial,Pieces,1
Ipratropium Salbutamol Metered Dose,IPRATROPIUM + SALBUTAMOL (20MCG/100MCG) METERED DOSE INHALER,0248,20 mcg,inhaler,Per unit,1
Irbesartan,APROVEL 150MG TABLET,MED01198,150 mg,tablet,Box of 28,1
Irbesartan,APROVEL 300MG TABLET,MED01197,300 mg,tablet,Box of 28,1
Irbesartan,IRBEZ 150MG TABLET,MED00169,150 mg,tablet,Box of 30,1
Irbesartan,IRBEZ 300MG TABLET,MED00170,300 mg,tablet,Box of 30,1
Irbesartan Amlodipine,APROVASC 150/5MG TABLET,MED00489,5 mg,tablet,Box of 28,1
Irbesartan Amlodipine,APROVASC 300MG/10MG TABLET,MED00523,300 mg,tablet,Box of 28,1
Isosorbide Dinitrate,ISOKET 10MG/10ML AMPULE,MED00366,10 mg/10 mL,ampule,Box of 10,1
Isosorbide Dinitrate,ISORDIL 5MG TAB,MED000577,5 mg,tablet,Box of 100,1
Isosorbide Dinitrate,ISOSORBIDE DINITRATE (10MG),0250,10 mg,,Per unit,1
Isosorbide Dinitrate,ISOSORBIDE DINITRATE (1MG/ML),0251,1 mg/mL,,Per unit,1
Isosorbide Dinitrate,ISOSORBIDE DINITRATE (5MG),0252,5 mg,,Per unit,1
Isosorbide Mononitrate,ISMODIN 30MG TABLET,MED00171,30 mg,tablet,Box of 100,1
Isosorbide Mononitriat,ISORMED 60mg tab,MED00985,60 mg,tablet,Pieces,1
Isotonic Electrolyte,ISOTONIC ELECTROLYTE SOLN 1000ML,0253,1000 mL,solution,Per unit,1
Ivabradine,CORALAN 5MG TABLET,MED00172,5 mg,tablet,Box of 56,1
Ivabradine,CORALAN 7.5MG TABLET,MED00173,7.5 mg,tablet,Box of 56,1
Ivabradine,GAVRILA 5MG TAB,MED1298,5 mg,tablet,Box of 28,1
Ivabradine,GAVRILA 7.5MG TAB,MED1297,7.5 mg,tablet,Box of 28,1
Ivabradine,SIFTUS 5MG TABLET,MED00981,5 mg,tablet,Box of 30,1
Jardiance,JARDIANCE 10mg TABLET,MED00974,10 mg,tablet,Box of 30,1
Jardiance,JARDIANCE 25MG TABLET,MED01089,25 mg,tablet,Box of 30,1
Ketamine,KETAMAX 50MG/ML - VIAL,MED00367,50 mg/mL,vial,Pieces,1
Ketamine,KETOTROY 50MG/ML VIAL (PER ML),MED00681,50 mg/mL,vial,Vial of 10,1
Ketoanalogue,NEFROTEIN,MED00987,,,Pieces,1
Ketoanalogues Essential Amino Acids,AMINOLOG 600MG TABLET,MED00174,600 mg,tablet,Box of 100,1
Ketoanalogues Essential Amino Acids,RENALOG 600MG TABLET,MED00175,600 mg,tablet,Box of 100,1
Ketoprofen,FASTUM GEL 25MG/G GEL,MED00420,25 mg,gel,Pieces,1
Ketoprofen Plaster,KETOPLAST 30MG PLASTER,MED00610,30 mg,,Pack of 7,1
Ketoprofen Plaster,KETOPLAST 30MG PLASTER,MED000501,30 mg,,Pack of 7,1
Ketorolac,KETOPANE 30MG/ML AMP,MED01084,30 mg/mL,ampule,Box of 10,1
Ketorolac,KETOROBAS 30MG/ML AMP,MED1325,30 mg/mL,ampule,Box of 10,1
Ketorolac,KETOVEX AMP,MED1183,,ampule,Pieces,1
Ketorolac,X KETOROLAC AMP,MED00369,,ampule,Pieces,1
Ketorolac Mlampule,KETORIGHT 30MG/ML AMPULE,MED00368,30 mg/mL,ampule,Box of 10,1
Lactobacillus,FRUTERI 2BILLION CFU/5ML,MED1185,5 mL,,Bottle,1
Lactulose,ACCELLAC 120ML SYRUP,MED00176,120 mL,syrup,Pieces,1
Lactulose,ACCELLAC 60ML SYRUP,MED00604,60 mL,syrup,Pieces,1
Lactulose,ACCELLAC 60ML SYRUP,MED0001,60 mL,syrup,Pieces,1
Lactulose,AVOLAC 120ML,MED1149,120 mL,,Bottle,1
Lactulose,BIOLAC 120ML SYRUP,MED00994,120 mL,syrup,Pieces,1
Lactulose,DOLAC 120ML,MED1387,120 mL,,Bottle,1
Lactulose,EASELAC 120ML SYRUP,MED00690,120 mL,syrup,Bottle,1
Lactulose,LACTULOSE 120ML,MED1369,120 mL,,Pieces,1
Lactulose,LILAC 120ML SYRUP,MED00561,120 mL,syrup,Per unit,1
Lactulose,LILAC 60ML SYRUP,MED00614,60 mL,syrup,Pieces,1
Lactulose,LILAC 60ML SYRUP,MED000560,60 mL,syrup,Pieces,1
Lactulose,PEPTOBURG 3.33G/5ML 120ML,MED1356,3.33 g/5 mL,,Per unit,1
Lanoxin,X LANOXIN,MED00456,,,Pieces,1
Larga Nature Liniment,OUT OS STOCK! LARGA NATURE LINIMENT SPRAY,MED00511,,spray,Pieces,1
Legarde,LEGARDE SPRAY,MED004456,,spray,Pieces,1
Leuprorelin,BLIRELIN 3.75MG VIAL,MED1159,3.75 mg,vial,Pieces,1
Levetiracetam,LEVETIRACETAM (100MG/ML) 5ML,0258,100 mg/mL,,Per unit,1
Levodopa Carbidopa,LEVODOPA CARBIDOPA (100MG/25MG),0259,100 mg,,Per unit,1
Levodropropizine,LEVARE 60MG TAB,MED1371,60 mg,tablet,Pieces,1
Levofloxacin Hemihydarte,FLOXEL 750MG,MED000438,750 mg,,Pieces,1
Levofloxacin Iv,LEVOFLOXACIN IV (5MG/ML),0260,5 mg/mL,,Per unit,1
Levoprime,LEVOPRIME (LEVOFLOXIN),MED1360,,,Box of 20,1
Lidocaine,ANESTIN 20MG/ML - VIAL,MED00373,20 mg/mL,vial,Pieces,1
Lidocaine,LIDOCAINE 2%,0262,,,Per unit,1
Lidocaine,LIDOCAINE SPRAY,MED00372,,spray,Pieces,1
Lidocaine,LIDOPHIL 20MG/ML,MED1289,20 mg/mL,,Pieces,1
Lidocaine,SAPHDOCAINE 20MG/ML AMP,MED1164,20 mg/mL,ampule,Box of 50,1
Lidocaine Epinephrine Carpule,LIDOCAINE + EPINEPHRINE (20MG/10MCG/ML) 1.8ML CARPULE,0261,10 mcg/mL,,Per unit,1
Lidocaine Polyamp,EUROCAINE LIDOCAINE POLYAMP,MED00371,,,Box of 50,1
Linagliptin,TRAJENTA 5MG TAB,MED01102,5 mg,tablet,Pieces,1
Linezolid Iv,LINEZOLID IV (2MG/ML),0263,2 mg/mL,,Per unit,1
Lithium,LITHIUM (450MG),0264,450 mg,,Per unit,1
Loperamide,DIATABS(R) CAP,MED01112,,capsule,Box of 100,1
Loperamide,LOPERAMIDE 2MG CAPSULE,MED00177,2 mg,capsule,Box of 100,1
Loperamide Simeticone,DIATABS ADVANCE 2MG/125MG CAP,MED1386,2 mg,capsule,Box of 100,1
Loratadine,ACCE-LORA 5MG/5ML SYRUP,MED00179,5 mg/5 mL,syrup,Pieces,1
Loratadine,ACCE-LORA 60ML SYRUP,MED01083,60 mL,syrup,Bottle,1
Loratadine,HISTADINE 10MG TAB,MED1354,10 mg,tablet,Pieces,1
Loratadine,LARADIN 10MG TABLET,MED00178,10 mg,tablet,Box of 100,1
Loratadine,LORATAMED 10MG,MED1173,10 mg,,Box of 100,1
Losartan,ARBLOC 100MG TAB,MED01067,100 mg,tablet,Pieces,1
Losartan,KENZAR 100MG TABLET,MED01183,100 mg,tablet,Box of 30,1
Losartan,KENZAR FC 50MG TABLET,MED01209,50 mg,tablet,Box of 30,1
Losartan,ZARNAT 100MG,MED00184,100 mg,tablet,Box of 100,1
Losartan Amlodipine Hctz,AMLIFE PLUS 100/10/12.5MG TABLET,MED00180,12.5 mg,tablet,Box of 50,1
Losartan Amlodipine Hctz,AMLIFE PLUS 100/5/12.5MG TABLET,MED00181,12.5 mg,tablet,Box of 50,1
Losartan Hydrochlorothiazide,COMBIZAR 100MG/25MG,MED00182,100 mg,,Box of 50,1
Losartan Hydrochlorothiazide,ZARNAT PLUS 50MG/12.5MG,MED00183,50 mg,,Box of 100,1
Losartan K Hctz,COMBIZAR 50MG/12.5MG TABLET,MED000529,50 mg,tablet,Box of 50,1
Losartan Potassium,GETZAR 50MG TAB,MED00582,50 mg,tablet,Box of 100,1
Losartan Zarnat,ZARNAT 50MG,MED00185,50 mg,tablet,Box of 100,1
Magnesium,MAGNESIUM SULFATE 500MG/ML AMPULE (2ML),MED01215,500 mg/mL,ampule,Pieces,1
Mannitol,BBRAUN MANNITOL 500ML,MED01068,500 mL,,Pieces,1
Mefenamic,ACIFLAM 50MG/5ML SUSP 60ML,MED1172,50 mg/5 mL,suspension,Pieces,1
Mefenamic,ALGICAP 50MG/5ML SUSP,MED00189,50 mg/5 mL,suspension,Pieces,1
Mefenamic,MEFENOL 500MG,MED00187,500 mg,capsule,Box of 100,1
Mefenamic,MEFESAPH 250MG CAPSULE,MED00186,250 mg,capsule,Box of 100,1
Mefenamic Acid,GOPAIN 500MG CAP,MED00654,500 mg,capsule,Box of 100,1
Mefenamic Acid,MECID 500MG CAPSULE,MED00653,500 mg,capsule,Box of 100,1
Mefenamic Acid,MEGYXAN 500MG CAPSULE,MED00188,500 mg,capsule,Box of 100,1
Mefenamic Acid,MYREFEN 50MG/5ML SUSPENSION,MED00641,50 mg/5 mL,suspension,Pieces,1
Melatonin,MELATONIN 10MG TAB,MED00461,10 mg,tablet,Bottle of 60,1
Meloxicam,BEXXAM 15MG TABLET,MED00190,15 mg,tablet,Box of 100,1
Meloxicam,MELOXICAM 15MG TAB (BEXXAM 15),MED00443,15 mg,tablet,Pieces,1
Meningococcal,MENINGOCOCCAL (NIMENRIX 5MCG),MED01259,5 mcg,,Box of 10,1
Meperidine,DEMEROL 100MG/2ML AMP,MED1330,100 mg/2 mL,ampule,Ampule,1
Meperidine,DEMETOR 100MG/ML AMPULE,MED00455,100 mg/mL,ampule,Pieces,1
Meropenem,ALTACAR 1G,MED1339,1 g,,Box of 10,1
Meropenem,MEROPENEM (500MG),0267,500 mg,,Per unit,1
Meropenem,MEROPENEM 1G VIAL,MED00374,1 g,vial,Per unit,1
Metformin,GLYCEMET 500MG TAB,MED1191,500 mg,tablet,Box of 100,1
Metformin,IMAX TABLET 500MG,MED01147,500 mg,tablet,Box of 60,1
Metformin,NEOFORM 500MG,MED00191,500 mg,,Box of 100,1
Methyldopa,METHYLDOPA (250MG),0268,250 mg,,Per unit,1
Methylergometrine,METHERGINE 200MCG/ML AMPULE,MED00375,200 mcg/mL,ampule,Box of 10,1
Methylprednisolone,DEPO-MEDROL 40MG/ML VIAL,MED00376,40 mg/mL,vial,Box of 10,1
Methylprednisolone,MEPRESONE 16MG TABLET,MED00192,16 mg,tablet,Box of 30,1
Methylprednisolone,METCORT 16MG TAB,MED00598,16 mg,tablet,Box of 100,1
Methylprednisolone,METCORT 16MG TAB,MED000012,16 mg,tablet,Box of 100,1
Methylprednisolone Iv,METHYLPREDNISOLONE IV (500MG),0270,500 mg,,Per unit,1
Metoclopramide,CLOZIL AMP,MED1177,,ampule,Pieces,1
Metoclopramide,MECLOP 10MG/2ML AMPULE,MED00377,10 mg/2 mL,ampule,Box of 10,1
Metoclopramide,METO 10MG TABLET,MED00193,10 mg,tablet,Box of 100,1
Metoclopramide,METOCLOSIL 5MG/ML AMPULE,MED00677,5 mg/mL,ampule,Box of 20,1
Metoclopramide,METOSKY AMPULE,MED01091,,ampule,Box of 20,1
Metoclopramide,MOTILLEX 10MG TAB,MED1282,10 mg,tablet,Box of 100,1
Metronidazole,AMBIDAZOL 125MG/5ML SUSP 60ML,MED1148,125 mg/5 mL,suspension,Bottle,1
Metronidazole,ANTIZOAL 5MG/ML 100ML,MED01079,5 mg/mL,,Vial,1
Metronidazole,ERZOL 500MG/100ML VIAL,MED00378,500 mg/100 mL,vial,Pack of 10,1
Metronidazole,FLAGEX 500MG TABLET,MED00195,500 mg,tablet,Box of 100,1
Metronidazole,FLAMIBAZID 500MG TAB,MED00656,500 mg,tablet,Box of 100,1
Metronidazole,MEDIZOLE 500MG TAB,MED1364,500 mg,tablet,Box of 100,1
Metronidazole,METRONOVA 500MG/100ML VIAL,MED1244,500 mg/100 mL,vial,Vial,1
Metronidazole,METROZOLE 125MG/5ML SUSP,MED00194,125 mg/5 mL,suspension,Pieces,1
Metronidazole,METROZOLE 500MG TABLET,MED00300,500 mg,tablet,Box of 100,1
Metronidazole,TRICONEX 125MG/5ML,MED00056,125 mg/5 mL,,Pieces,1
Metronidazole Iv,METRONIDAZOLE IV (5MG/ML),0272,5 mg/mL,,Per unit,1
Midazolam,DORMICUM 5MG/ML AMPULE,MED00379,5 mg/mL,ampule,Box of 10,1
Midazolam,DORMIZOL 5MG/ML AMP,MED00658,5 mg/mL,ampule,Pieces,1
Midazolam,MIDAZOLAM (1MG/ML),0274,1 mg/mL,,Per unit,1
Midazolam,MIDAZOLAM (5MG/ML),0275,5 mg/mL,,Per unit,1
Mometasone W W,MOMATE CREAM,MED00196,,cream,Pieces,1
Monobasic Nahpo Dibasic Nahpo,COLEMA RECTAL SOLUTION,MED01097,,solution,Pieces,1
Monobasic Nahpo Dibasic Nahpo,FLEET ENEMA (ADULT),MED00198,,,Pieces,1
Monobasic Nahpo Dibasic Nahpo Rectal,COLEMA ADULT RECTAL SOLUTION,MED00197,,solution,Pieces,1
Montelukast,KASTAIR 4MG TABLET,MED00201,4 mg,tablet,Box of 28,1
Montelukast,KASTAIR 5MG TABLET,MED00202,5 mg,tablet,Box of 28,1
Montelukast,LUCAZT 10MG,MED00200,10 mg,tablet,Pieces,1
Montelukast,NOVAKAST 10MG TABLET,MED1266,10 mg,tablet,Box of 100,1
Montelukast Levocetirizine,STELIX 10MG/5MG TABLET,MED00199,10 mg,tablet,Box of 100,1
Montra,ISOSORBIDE MONONITRATE 30MG,MED00669,30 mg,,Box of 100,1
Montra,MONTRA 30MG CAP,MED00664,30 mg,capsule,Box of 100,1
Morphine,MORPHINE (10MG) TABLET,0276,10 mg,tablet,Per unit,1
Morphine Iv,MORPHINE IV 10MG/ML AMPULE,MED00380,10 mg/mL,ampule,Pieces,1
Moxifloxacin Opthalmic,MOXIFLOXACIN OPTHALMIC DROPS(5MG/ML),0278,5 mg/mL,drops,Per unit,1
Multivitamins,ENERKIDZ 120ML SYR,MED01219,120 mL,syrup,Pieces,1
Multivitamins,ENERKIDZ 60ML,MED01218,60 mL,,Pieces,1
Multivitamins,HELTINE CAPSULE,MED00209,,capsule,Box of 100,1
Multivitamins,HELTINE SYRUP 120ML,MED00438,120 mL,syrup,Pieces,1
Multivitamins,INCREBION MAX AMPULE,MED00381,,ampule,Box of 5,1
Multivitamins,MULTILEM DROPS 15ML,MED00210,15 mL,drops,Box,1
Multivitamins,NUTRILIN DROPS 30ML,MED00214,30 mL,drops,Pieces,1
Multivitamins,NUTRILIN SYRUP 120ML,MED00217,120 mL,syrup,Pieces,1
Multivitamins,PROPAN TLC DROPS,MED00211,,drops,Pieces,1
Multivitamins,PROPAN TLC SYRUP 120ML,MED00216,120 mL,syrup,Pieces,1
Multivitamins Buclizine Lysine,APPETAMINE CAPSULE,MED00203,,capsule,Box of 100,1
Multivitamins Ginseng Cap,ULTIMA CAP 100,MED01186,,capsule,Box of 100,1
Multivitamins Iron,IBERET FOLIC TABLET,MED01169,,tablet,Box of 30,1
Multivitamins Iron,OBITRON CAPSULE,MED00204,,capsule,Box of 100,1
Multivitamins Minerals,BEVITRIN TABLET,MED00206,,tablet,Box of 100,1
Multivitamins W B Complex,SMART KIDZ SYRUP 120ML,MED00581,120 mL,syrup,Pieces,1
Multivitamins With Lysine,STAMINAL CAPS,MED01245,,,Box of 100,1
Multivitamins Zinc Taurine,ENERAPLUS 30ML DROPS,MED00208,30 mL,drops,Pieces,1
Multivitamins Zinc Taurine,ENERAPLUS DROPS 15ML,MED00207,15 mL,drops,Pieces,1
Mupirocin,MUPICAN OINTMENT,MED1416,,ointment,Pieces,1
Mupirocin,MUPICIN,MED01086,,,Pieces,1
Mupirocin,MUPIROCIN (15G),0279,15 g,,Per unit,1
Mupirocin,MUPIROCIN (5G),0280,5 g,,Per unit,1
Mupirocin,MUPISAPH OINTMENT,MED1318,,ointment,Pieces,1
Mupirocin G,FOSKINA 2% CREAM,MED00218,20 mg,cream,Pieces,1
Myocard,MYOCARD 200MG/5ML,MED000694,200 mg/5 mL,,Box,1
Nalbuphine,NALBUPHINE (10MG/ML),0283,10 mg/mL,,Per unit,1
Nalbuphine,NUBAIN 10MG/ML AMPULE,MED00382,10 mg/mL,ampule,Box of 100,1
Naloxone,NALOXONE (400MCG),0284,400 mcg,,Per unit,1
Naproxen,NAPROXEN (550MG),0285,550 mg,,Per unit,1
Naproxen Paracetamol,SKELAN FORTE 275MG/325MG TABLET,MED01263,275 mg,tablet,Box of 100,1
Naproxen Paracetamol,SKELAN FORTE TAB,MED1326,,tablet,Box of 100,1
Nebivolol,NEBILET 5MG,MED00219,5 mg,,Box of 30,1
Neostigmine Iv,NEOSTIGMINE IV (500MCG/ML),0286,500 mcg/mL,,Per unit,1
Neostigmine Mlampule,NEOTALIS 0.5MG/ML AMPULE,MED00383,0.5 mg/mL,ampule,Pieces,1
Nicardipine,CARDIMED 10MG/10ML AMPULE,MED00385,10 mg/10 mL,ampule,Box of 5,1
Nicardipine,KENZIPINE 10MG IV,MED01195,10 mg,,Box of 10,1
Nicardipine,NICARDIPINE (1MG/ML) 10ML AMPULE,0287,1 mg/mL,ampule,Per unit,1
Nicardipine,NICARDIPINE (1MG/ML) 2ML AMPULE,0288,1 mg/mL,ampule,Per unit,1
Nicardipine,NICARSON 1MG/ML (10MG/10ML),MED1345,1 mg/mL,,Box of 10,1
Nitrofurantoin Caps,HARFURIN 100MG CAPS,MED1277,100 mg,,Pieces,1
Norepinephrine,BLINOR 4MG/4ML AMPULE,MED00386,4 mg/4 mL,ampule,Box of 5,1
Norepinephrine,LEVOPHED 1mg/ml 4ml AMP,MED01006,1 mg/mL,ampule,Per unit,1
Norepinephrine,NOREPINEPHRINE (1MG/ML) 2ML AMP,0290,1 mg/mL,ampule,Per unit,1
Norepinephrine,NOREPINEPHRINE (2MG/ML) 4ML AMP,0292,2 mg/mL,ampule,Per unit,1
Norepinephrine,NORKENZ 1MG/ML (4MG/4ML),MED01184,1 mg/mL,,Box of 10,1
Norepinephrine Iv,NOREN 1mg/ml (4mg/4ml) IV,MED1247,1 mg/mL,,Vial,1
Nostigmine,STIGMITHYL 500 MCG/ML,MED01156,500 mcg/mL,,Box of 6,1
Nystatin Units Ml,NYSAPH ORAL DROPS,MED00220,,drops,Pieces,1
Octreotide,OCTREOTIDE (100MCG/ML),0293,100 mcg/mL,,Per unit,1
Omeprazole,ACIFLUX 40MG VIAL,MED1308,40 mg,vial,Vial,1
Omeprazole,ACIPRAZ 40MG VIAL,MED01045,40 mg,vial,Pieces,1
Omeprazole,EDRIZOLE 40MG CAPSULE,MED00516,40 mg,capsule,Box of 24,1
Omeprazole,GEMZOLE 40MG VIAL,MED01007,40 mg,vial,Pieces,1
Omeprazole,HYZOL 40MG VIAL,MED00387,40 mg,vial,Pieces,1
Omeprazole,MEPRAZ 20MG,MED00223,20 mg,,Box of 20,1
Omeprazole,MEPRAZ 40MG,MED00224,40 mg,,Box of 20,1
Omeprazole,OMCARE 40MG VIAL,MED01114,40 mg,vial,Vial,1
Omeprazole,OMEBLOC 20MG CAPSULE,MED00222,20 mg,capsule,Box of 24,1
Omeprazole,OMELINE 40MG VIAL,MED00388,40 mg,vial,Pieces,1
Omeprazole,PEPTISOLV 40MG VIAL,MED1394,40 mg,vial,Box,1
Omeprazole,PROZALAC 20MG,MED00221,20 mg,capsule,Box,1
Omeprazole,QUALIPRAZOLE 40MG VIAL,MED00389,40 mg,vial,Pieces,1
Omeprazole,ZOLFREE 40MG VIAL,MED01050,40 mg,vial,Pieces,1
Omeprazole Iv,OMEPRAZOLE IV (40MG),0294,40 mg,,Per unit,1
Omeprazole Omg,OPREX 40MG VIAL,MED01077,40 mg,vial,Pieces,1
Ondansentron,EMISTOP 2MG/ML AMPULE,MED00390,2 mg/mL,ampule,Box of 10,1
Ondansetron Iv,ONDANSETRON IV (2MG/ML) 2ML AMP,0295,2 mg/mL,ampule,Per unit,1
Ondansetron Iv,ONDANSETRON IV (2MG/ML) 4ML AMPULE,0296,2 mg/mL,ampule,Per unit,1
Oral Rehydrating Salt,GLUCOST-R SACHET,MED00436,,sachet,Box of 50,1
Oral Rehydration Salts,HYDRITE SACHET,MED00579,,sachet,Box of 100,1
Oral Rehydration Salts,HYDRO AID TETRA PACK,MED00580,,,Pieces,1
Oxacillin Iv,OXACILLIN IV (500MG),0298,500 mg,,Per unit,1
Oxytocin,AMBTOCYN AMPULE,MED01100,,ampule,Box of 10,1
Oxytocin,GOCYN AMP,MED1391,,ampule,Box of 10,1
Oxytocin Ml,GYNE-TOCIN 10 IU/ML AMPULE,MED00391,10 iu,ampule,Box of 10,1
Pantobbas,PANTOBBAS 40MG VIAL,MED01069,40 mg,vial,Vial,1
Pantobet,PANTOBET PLUS 40/30MG TAB,MED01070,30 mg,tablet,Box of 30,1
Pantoprazole,PANTOPRAZ 40MG TABLET,MED00227,40 mg,tablet,Box of 14,1
Pantoprazole,PANTOPRAZ 40MG VIAL,MED00392,40 mg,vial,Box of 10,1
Pantoprazole,PANTOPRAZOLE 40MG VIAL,MED00418,40 mg,vial,Pieces,1
Pantoprazole,PORSPRAZOLE 40MG VIAL,MED1319,40 mg,vial,Pieces,1
Pantoprazole,ZOLPRA 40MG CAPSULE,MED00226,40 mg,capsule,Pieces,1
Pantoprazole Domperidone,CYTORAN PLUS 40MG/30MG CAP,MED1146,40 mg,capsule,Box of 30,1
Pantoprazole Domperidone,PANTEC DSR 40/30MG CAPSULE,MED00225,30 mg,capsule,Box of 30,1
Pantoprazole Domperidone,PANZO-D 40MG/30MG CAP,MED1283,40 mg,capsule,Box of 30,1
Paracetamol,AMADOL 300MG AMPULE,MED01013,300 mg,ampule,Box of 10,1
Paracetamol,AMCETAM 300MG/ML AMPULE,MED423,300 mg/mL,ampule,Box of 10,1
Paracetamol,AMGESIC 300MG/2ML AMP,MED01060,300 mg/2 mL,ampule,Box of 10,1
Paracetamol,APAPOL 10MG/ML VIAL 100ML,MED00522,10 mg/mL,vial,Pieces,1
Paracetamol,AXMEL 500mg,MED00663,500 mg,,Pieces,1
Paracetamol,BIOGESIC 10MG/ML,MED1343,10 mg/mL,,Vial,1
Paracetamol,CALPOL 120MG/5ML SYRUP,MED00238,120 mg/5 mL,syrup,Pieces,1
Paracetamol,F-PARA 150MG/2ML AMPULE,MED1328,150 mg/2 mL,ampule,Box of 10,1
Paracetamol,FEVER GO 10MG/ML(1G/100ML),MED01110,10 mg/mL,,Bottle,1
Paracetamol,FEVERGO 150MG/ML AMP,MED1348,150 mg/mL,ampule,Pieces,1
Paracetamol,FLUGARD 500MG TAB,MED00660,500 mg,tablet,Box of 100,1
Paracetamol,MD-ZETAMOL 150MG/ML AMPULE,MED01207,150 mg/mL,ampule,Box of 10,1
Paracetamol,NAHALGESIC 500MG TABLET,MED00245,500 mg,tablet,Box of 100,1
Paracetamol,NAPRAN 100MG/ML DROPS,MED00236,100 mg/mL,drops,Pieces,1
Paracetamol,NAPRAN 125MG/ML SUSP,MED00241,125 mg/mL,suspension,Pieces,1
Paracetamol,NAPRAN 250MG/ML SYRUP,MED00243,250 mg/mL,syrup,Pieces,1
Paracetamol,NAPREX 150MG/ML AMPULE,MED00394,150 mg/mL,ampule,Box of 10,1
Paracetamol,OPIGESIC 125MG SUPPOSITORY,MED00240,125 mg,suppository,Pieces,1
Paracetamol,OPIGESIC 250MG SUPPOSITORY,MED00242,250 mg,suppository,Pieces,1
Paracetamol,PARACETAMOL 125MG (RITEMED) RECTAL SUPPOSITORY,MED1259,125 mg,suppository,Pieces,1
Paracetamol,PARACY 150MG/ML AMP 2ML,MED1350,150 mg/mL,ampule,Box of 10,1
Paracetamol,PARASAPH 500MG TAB,MED01088,500 mg,tablet,Box of 100,1
Paracetamol,PARATEX 150MG/ML 2ML AMP,MED1166,150 mg/mL,ampule,Box of 10,1
Paracetamol,PORFEVER 30MG/2ML AMP,MED01046,30 mg/2 mL,ampule,Box of 10,1
Paracetamol,PORTEMP 150MG/ML AMPULE,MED1347,150 mg/mL,ampule,Box,1
Paracetamol,PRIMOL 300MG/ML AMPULE,MED00622,300 mg/mL,ampule,Box of 50,1
Paracetamol,STALPARA 1G VIAL,MED00393,1 g,vial,Pieces,1
Paracetamol,TEMPRA 100MG/ML DROPS,MED00237,100 mg/mL,drops,Pieces,1
Paracetamol,TEMPRA 120MG/5ML SYRUP ORANGE,MED00239,120 mg/5 mL,syrup,Pieces,1
Paracetamol Aceclofenac,DOLOWIN PLUS TABLET,MED00228,,tablet,Box of 100,1
Paracetamol Chlorphenamine Phenylpropanolamine,SYMDEX-D CAPSULE,MED00230,,capsule,Box of 100,1
Paracetamol Chlorphenamine Phenylpropanolamine,VEDECONT CAPSULE,MED00229,,capsule,Box of 100,1
Paracetamol Ibuprofen,ALGESIC FORTE TABLET,MED00231,,tablet,Box of 120,1
Paracetamol Ibuprofen,MEGADOL TABLET,MED00232,,tablet,Pieces,1
Paracetamol Orphenadrine,PARADRIN FORTE 450/35MG TABLET,MED00233,35 mg,tablet,Box of 100,1
Paracetamol Tempra,TEMPRA FORTE 250MG/5ML SYRUP,MED00244,250 mg/5 mL,syrup,Pieces,1
Paracetamol Tramadol,DOLSAPH 325/37.5MG TAB,MED00435,37.5 mg,tablet,Box of 100,1
Paracetamol Tramadol,PRADOL 325MG/37.5MG TABLET,MED00568,325 mg,tablet,Box of 100,1
Paracetamol Tramadol,TDL PLUS 325/37.5MG TABLET,MED00234,37.5 mg,tablet,Box of 50,1
Paracetamol Tramadol,TRACEL 325/37.5MG CAPSULE,MED00235,37.5 mg,capsule,Box of 100,1
Paracetamol Tramdol,VINTRAMOL 325/37.5 TAB,MED00475,,tablet,Box of 100,1
Paracetamol Vitamin B B B,DOLO -NEUROBION TABLET,MED1167,,tablet,Pieces,1
Parecoxib,DYNASTAT 40MG VIAL,MED00395,40 mg,vial,Box of 5,1
Pecof,PECOF 100ML SYRUP,MED01053,100 mL,syrup,Pieces,1
Pecof,PECOF TAB 2mg/8mg/100mg,MED001053,2 mg,tablet,Box of 100,1
Perindopril Amlodipine,VIACORAM 7/5MG TABLET,MED00519,5 mg,tablet,Box of 30,1
Perindopril Arginine Amlodipine,COVERAM 5/10MG TABLET,MED00246,10 mg,tablet,Box of 30,1
Perindopril Arginine Amlodipine,COVERAM 5/5MG TABLET,MED00247,5 mg,tablet,Box of 30,1
Perindopril Arginine Amlodipine,VIACORAM 3.5/2.5MG TAB,MED00425,2.5 mg,tablet,Box of 30,1
Perindopril Arginine Indapamide Amlodipine,TRIPLIXAM 10/2.5/10MG TABLET,MED00248,10 mg,tablet,Box of 30,1
Pethidine Iv,PETHIDINE IV (50MG/ML),0306,50 mg/mL,,Per unit,1
Phenobarbital,LUMINAL AMPULE,MED00396,,ampule,Pieces,1
Phenoxymethyl Penicillin,PHENOXYMETHYL PENICILLIN (250MG),0307,250 mg,,Per unit,1
Phenylephrine Brompheniramine,MAYELL 12.5MG/4MG/5ML SYRUP,MED00521,4 mg/5 mL,syrup,Pieces,1
Phenylephrine Brompheniramine,REMEDRIL 1MG/0.8MG/ML DROPS 15ML,MED00249,0.8 mg/mL,drops,Pieces,1
Phenylephrine Chlorphenamine,DISUDRIN 2.5/0.5MG/ML DROPS 15ML,MED00250,0.5 mg/mL,drops,Pieces,1
Phenylephrine Chlorphenamine,DISUDRIN 5/1MG/5ML SYRUP 60ML,MED00251,1 mg/5 mL,syrup,Pieces,1
Phenyleprine Brompheniramine,REMEDRIL SYR 5MG/2MG/5ML SYRUP,MED00450,2 mg/5 mL,syrup,Pieces,1
Phenylpropanolamine,SINUDRIN 12.5MG/5ML SYR 60ML,MED1147,12.5 mg/5 mL,syrup,Bottle,1
Phenylpropanolamine Brompheniramine,NASATAPP 12.5MG/4MG/5ML SYRUP 60ML,MED00252,4 mg/5 mL,syrup,Pieces,1
Phenylpropanolamine Brompheniramine,NASATAPP 15ML DROPS,MED00253,15 mL,drops,Pieces,1
Phenytoin,FENTIN 100MG/2ML AMPULE,MED00397,100 mg/2 mL,ampule,Box of 5,1
Phenytoin,QURPHEN AMPULE,MED001123,50 mg/2 mL,ampule,Box of 10,1
Phenytoin Haizure,HAIZURE 100MG AMP,MED1376,100 mg,ampule,Box of 10,1
Phenytoin Iv,PHENYTOIN IV (50MG/ML),0308,50 mg/mL,,Per unit,1
Phytomenadione,PHYTOBAS 10MG/ML AMPULE,MED00398,10 mg/mL,ampule,Box of 10,1
Phytomenadione,PHYTOMEN 10MG/ML AMPULE,MED00995,10 mg/mL,ampule,Box of 10,1
Phytopmenadione,PHYTOCARE AMPULE,MED01032,,ampule,Box of 10,1
Pimax Enteric Coated,PIMAX 400MCG TAB,MED01125,400 mcg,tablet,Box of 30,1
Pioglitazone,ACTAZONE 30MG TAB,MED01211,30 mg,tablet,Box of 50,1
Pioglitazone,PPAR 30MG TAB,MED00484,30 mg,tablet,Box of 30,1
Piolitazone,ACTAZONE 15MG TAB,MED01210,15 mg,tablet,Box of 50,1
Piperacillin Tazobactam,BIZATAZ 4.5G VIAL,MED00510,4.5 g,vial,Box of 10,1
Piperacillin Tazobactam,PIPERACILLIN+TAZOBACTAM (2G/250MG),0310,2 g,,Per unit,1
Piperacillin Tazobactam,PIPERACILLIN+TAZOBACTAM (4G/500MG),0311,4 g,,Per unit,1
Piperacillin Tazobactam,PIPTAZ 4.5G VIAL,MED00399,4.5 g,vial,Box of 10,1
Piperacillin Tazobactam,TAPIMYCIN 4.5G VIAL,MED01246,4.5 g,vial,Box of 10,1
Piperacillin Tazobactam,VIGOCID 4.5G VIAL,MED00400,4.5 g,vial,Pieces,1
Pneumotyl,XXX (PNEUMOTYL) ACETYLCYSTEINE 600MG TAB,MED00488,600 mg,tablet,Box,1
Policresulen Cinchocaine,FAKTU SUPPOSITORY,MED00135,,suppository,Pieces,0
Polymyxin B Iv,"POLYMYXIN B IV (500,000IU)",0316,500000 iu,,Per unit,1
Potassium,NOSTON 1.080 G (10mEq) ER TABLET,MED01124,1.080 g,tablet,Box of 30,1
Potassium,NOSTON 1.620 G (15 mEq) ER TABLET,MED1373,1.620 g,tablet,Box of 30,1
Potassium Chloride,ATROPOS 750MG TAB,MED1279,750 mg,tablet,Box of 30,1
Potassium Chloride,K-LYTE 600MG TABLET,MED00254,600 mg,tablet,Box of 100,1
Potassium Chloride Meq,POTASSIUM CHLORIDE VIAL 2 MEQ/20ML,MED01014,20 mL,vial,Box,1
Prasugrel,PRASUSAFE 10MG TABLET,MED00514,10 mg,tablet,Box of 30,1
Prednisolone,PREDNISOLONE OPHTHALMIC DROPS 1%,0318,,drops,Per unit,1
Prednisone,PREDNISONE 10MG TABLET,MED00255,10 mg,tablet,Box of 100,1
Prednisone,PREDNISONE 20MG TABLET,MED00256,20 mg,tablet,Box of 100,1
Prednisone,SYSTOCOR 5MG TAB,MED00587,5 mg,tablet,Box of 100,1
Prednisone Vonwelt,PREDNISONE 5MG TAB,MED00494,5 mg,tablet,Box of 100,1
Pregabalin,GABLIN 75MG CAPSULE,MED00258,75 mg,capsule,Box of 56,1
Pregabalin,GRABALIN 75MG CAPSULE,MED1153,75 mg,capsule,Box of 98,1
Pregabalin,LYRICA 75MG CAPSULE,MED01160,75 mg,capsule,Box of 56,1
Pregabalin,NERVICA 75MG CAP,MED1296,75 mg,capsule,Box of 56,1
Pregabalin,PEGABLIN 150MG CAPSULE,MED000526,150 mg,capsule,Box of 60,1
Pregabalin,PEGABLIN 75MG CAPSULE,MED00257,75 mg,capsule,Box of 60,1
Pregabalin,VEXER 50MG CAP,MED00467,50 mg,capsule,Box of 20,1
Pregabalin,VEXER 75MG CAPSULE,MED00472,75 mg,capsule,Box of 20,1
Probiotics,BIFILAC PROBIOTICS CAPSULE,MED00570,,capsule,Box of 60,1
Probiotics,LACTOMIN PLUS SACHET,MED00260,,sachet,Box of 30,1
Probiotics,PROBIO DROPS,MED00259,,drops,Pieces,1
Procaterol,MEPTIN 5MCG/5ML SYRUP,MED00261,5 mcg/5 mL,syrup,Pieces,1
Propofol,PROFOSOL 10MG/ML (20ML),MED01201,10 mg/mL,,Vial,1
Propofol,PROPOFOL 1%,0319,,,Per unit,1
Propofol,TROYPOFOL 10MG/ML AMP,MED00401,10 mg/mL,ampule,Vial,1
Propofol Vials,PROPORA 10MG/ML VIALS,MED1306,10 mg/mL,,Vial,1
Propranolol,PROPRANOLOL (10MG),0321,10 mg,,Per unit,1
Propranolol,PROPRANOLOL (40MG),0320,40 mg,,Per unit,1
Propylthiouracil,PROPYLTHIOURACIL (50MG),0322,50 mg,,Per unit,1
Proxymetacaine Eye,PROXYMETACAINE(ALCAINE)EYE DROPS 0.5% - 15ML,MED1396,15 mL,drops,Pieces,1
Purified Rabies Vaccine,SPEEDA VACCINE (VERO CELL),MED00407,,,Box of 5,1
Pyrantel,PYRANTEL PAMOATE 250MG/5ML SUSPENSION,MED00465,250 mg/5 mL,suspension,Pieces,1
Rabeprazole,RAPZOL 20MG VIAL,MED00572,20 mg,vial,Pieces,1
Racecadotril,DIATRIL 30MG SACHET,MED00263,30 mg,sachet,Box of 16,1
Ranitidine,RANIREX 25MG/ML AMP,MED00402,25 mg/mL,ampule,Box of 10,1
Ranitidine,RAXIDINE 25MG/ML AMP,MED01111,25 mg/mL,ampule,Box of 10,1
Ranitidine,ZANTRICID 25MG/ML AMP,MED01061,25 mg/mL,ampule,Box of 10,1
Ranitidine,ZENTEK 25MG/ML AMP,MED1305,25 mg/mL,ampule,Box of 10,1
Ranolazine,RANEXA 375MG TABLET,MED00264,375 mg,tablet,Box of 60,1
Ranolazine Ranexa,RANEXA 500MG TABLET,MED00265,500 mg,tablet,Box of 60,1
Rebamipide,MUCOPRO 100MG TABLET,MED00600,100 mg,tablet,Box of 30,1
Rebamipide,MUCOPRO 100MG TABLET,MED000020,100 mg,tablet,Box of 30,1
Rebamipide,MUCOSTA 100MG TABLET,MED00266,100 mg,tablet,Box of 100,1
Rebamipide,REBAMID 100MG TABLET,MED1188,100 mg,tablet,Box of 100,1
Regular Insulin Humulin R Per Unit,HUMULIN R - VIAL,MED00403,,vial,Pieces,1
Remdesivir,DESREM 100MG/VIAL,MED00562,100 mg,vial,Pieces,1
Renakult,RENAKULT CAPSULES,MED1381,,capsule,Box of 60,1
Renoguard,RENOGUARD 600MG TABLET,MED00689,600 mg,tablet,Box of 100,1
Rifaximin,NORMIX 200MG TABLET,MED00430,200 mg,tablet,Box of 30,1
Risedronate,RESIDRON 35MG TAB,MED1341,35 mg,tablet,Box of 4,1
Rocuronium,KABIROC 10MG/ML VIAL 5ML,MED00687,10 mg/mL,vial,Box of 10,1
Rocuronium,KABIROC 50MG/5ML VIAL,MED00404,50 mg/5 mL,vial,Box of 10,1
Rosuvastatin,ROSUSTAT 10MG TABLET,MED00268,10 mg,tablet,Box of 30,1
Rosuvastatin,ROSUSTAT 20MG TABLET,MED00269,20 mg,tablet,Box of 30,1
Rosuvastatin,ROVISTA 5MG COATED TAB,MED01011,5 mg,tablet,Pack of 10,1
Rosuvastatin,TORROS 20MG TABLET,MED00515,20 mg,tablet,Box of 30,1
Sacubitril Valsartan,SANARE 100MG TABLET,MED1395,100 mg,tablet,Box of 30,1
Salbutamol,ASMALIN NEBULE 1MG/ML,MED01085,1 mg/mL,nebule,Box of 30,1
Salbutamol,SALBUTAMOL (1MG/ML) 2.5 ML NEBULE,0326,1 mg/mL,nebule,Per unit,1
Salbutamol,SALBUTAMOL (2MG/ML)2.5 ML NEBULE,0327,2 mg/mL,nebule,Per unit,1
Salbutamol,VENTAR 1MG/ML INHALATION SOLUTION,MED00419,1 mg/mL,solution,Pieces,1
Salbutamol Guaifenesin,GUIAFEM SYRUP 60ML,MED1384,60 mL,syrup,Bottle,1
Salbutamol Guiafenesin,ASMAIR 1MG/50MG/5ML SYRUP,MED00270,50 mg/5 mL,syrup,Pieces,1
Salbutamol Guiafenesin,VICOLAX 1MG/50MG/5ML SYRUP 60ML,MED00271,50 mg/5 mL,syrup,Pieces,1
Salbutamol Guiafenesin,VICOLAX 2MG/100MG TABLET,MED00427,2 mg,tablet,Box of 100,1
Salbutamol Guiafenesin,VICOLAX TAB 2/100MG TAB,MED00272,100 mg,tablet,Box of 100,1
Salbutamol Ipratropium,AURA PLUS NEBULE,MED00275,,nebule,Box of 30,1
Salbutamol M,HIVENT NEBULE,MED00276,1 mg,nebule,Box of 30,1
Salbutamol Mdi,SALBUTAMOL (100MCG/DOSE)MDI,0325,100 mcg,,Per unit,1
Serrapeptase,SERNEX 10MG TABLET,MED00278,10 mg,tablet,Box of 100,1
Sevelamer Carbonate,SEFOS 800MG TABLET,MED1382,800 mg,tablet,Box of 30,1
Sevoflurane,SEVORANE 250ML (PER ML),MED00405,250 mL,,Bottle of 250,1
Silver Sulfa,FAKADERM 30G,MED1415,30 g,,Pieces,1
Silver Sulfadiazine,ACCEDIAZINE CREAM 10MG/ML,MED1358,10 mg/mL,cream,Pieces,1
Silver Sulfadiazine,BURNSIL 25G CREAM,MED00643,25 g,cream,Pieces,1
Silver Sulfadiazine,MAZINE 1% 20G CREAM,MED01130,20 g,cream,Pieces,1
Silver Sulfadiazine,SILVER SULFADIAZINE 500G,0329,500 g,,Per unit,1
Silver Sulfadiazine G W W,SILVEDEX CREAM,MED00279,10 mg,cream,Pieces,1
Silymarin Lecithin,LIVERGUARD CAPSULE,MED00281,,capsule,Box of 100,1
Simeticone,RESTIME 40MG/ML DROPS,MED00282,40 mg/mL,drops,Pieces,1
Sitagliptin Metformin,VELMETIA 50/500MG TABLET,MED00283,500 mg,tablet,Box of 28,1
Spironolactone,SPIRE 50MG TABLET,MED00289,50 mg,tablet,Box of 30,1
Spironolactone,SPIROFAR 25MG TABLET,MED01185,25 mg,tablet,Box of 100,1
Sqcef,CEFUROXIME 250MG/5ML,MED01139,250 mg/5 mL,suspension,Bottle,1
Streptokinase,"STREPTOKINASE 1,500,000 IU VIAL",MED00612,1500000 iu,vial,Box of 10,1
Streptokinase,"STREPTOKINASE 1,500,000 IU VIAL",MED000528,1500000 iu,vial,Box of 10,1
Succinylcholine,QUELICIN VIAL / ML,MED00408,,vial,Pieces,1
Succinylcholine,SUCCINYLCHOLINE (200MG),0332,200 mg,,Per unit,1
Sugammadex,SUGAMMADEX (100MG/ML),0333,100 mg/mL,,Per unit,1
Sulodexide,VESSEL DUE 250 CAP,MED00290,250 mg,capsule,Box of 50,1
Sulodexide,VESSEL DUE 600LSU/2ML AMP,MED00409,2 mL,ampule,Box of 10,1
Sultamicillin,SILGRAM 750MG TABLET,MED00292,750 mg,tablet,Box of 30,1
Sultamicillin,UNASYN 250MG/5ML SUSPENSION,MED00291,250 mg/5 mL,suspension,Pieces,1
Sultamicillin Tosylate,TOSYLAM 750MG TAB,MED1261,750 mg,tablet,Box of 50,1
Suxamethonium Chloride,ANEKTIL 20MG/ML - VIAL,MED00590,20 mg/mL,vial,Pieces,1
Suxamethonium Chloride,ANEKTIL 20MG/ML VIAL,000001,20 mg/mL,vial,Pieces,1
Taurine Multivitamins,TAUREX 50MG/ML DROPS 30ML,MED00212,50 mg/mL,drops,Pieces,1
Taurine Multivitamins,TAUREX SYRUP,MED00215,,syrup,Pieces,1
Telmisartan,TELATRAZ 40MG TAB,MED1307,40 mg,tablet,Box of 30,1
Telmisartan Amlodipine,TELMILOP 40MG/5MG TAB,MED1234,40 mg,tablet,Box of 28,1
Telmisartan Amlodipine,TELMILOP 80MG/10MG TAB,MED1236,80 mg,tablet,Box of 28,1
Telmisartan Amlodipine,TELMILOP 80MG/5MG TAB,MED1235,80 mg,tablet,Box of 28,1
Tempra,TEMPRA 120MG/5ML SYRUP STRAWBERRY,MED00966,120 mg/5 mL,syrup,Pieces,1
Tempra,TEMPRA FORTE 250MG/5ML SYR 60ML ORN,MED1331,250 mg/5 mL,syrup,Pieces,1
Tempra Orn,TEMPRA 100MG/ML DROP 15ML ORN,MED1316,100 mg/mL,drops,Pieces,1
Tempra Orn,TEMPRA FORTE SYR 120ML ORN,MED1402,120 mL,syrup,Bottle,1
Tempra Stw,TEMPRA 100MG/ML DROP 15ML STW,MED1315,100 mg/mL,drops,Pieces,1
Terbutaline,TERBUTALINE (500MCG/ML),0334,500 mcg/mL,,Per unit,1
Tetanus Antitoxin,ATS 3000 (ANTITET),MED1189,,,Box of 10,1
Tetanus Antitoxin,TETANUS ANTITOXIN(ATS)250IU,0177,250 iu,,Per unit,1
Tetanus Toxiod,TETANUS TOXIOD (BIO-TT),MED01241,,,Box of 10,1
Tetanus Toxoid,TETANUS TOXOID (40IU/0.5ML),0340,40 iu,,Per unit,1
Tetanus Toxoid,TETANUS TOXOID (ABHAY-TOX),MED1190,,,Box of 10,1
Tetanus Toxoid,TETANUS TOXOID AMP (IMATET),MED00411,,ampule,Box of 10,1
Tetanus Toxoid Hmo,TETANUS TOXOID AMP - HMO,MED000575,,ampule,Box of 10,1
Ticagrelor,TICALOR 90MG TAB,MED01113,90 mg,tablet,Box of 30,1
Ticarcillin Clavulanic Acid,TRICLAV 1.5G VIAL,MED00412,1.5 g,vial,Pieces,1
Ticarcillin Clavulanic Acid,TRICLAV 3.2G VIAL,MED00413,3.2 g,vial,Pieces,1
Timolol Eye,TIMOLOL EYE DROP (5ML),0335,5 mL,drops,Per unit,1
Tmultivitamins Iron,TERRAFERRON CAPSULE,MED00205,,capsule,Box of 100,1
Tobramycin Dexamethasone,TOBRAMYCIN+DEXAMETHASONE,MED1397,,,Pieces,1
Tolvaptan,SAMSCA 15MG TAB,MED00609,15 mg,tablet,Box of 10,1
Tolvaptan,SAMSCA 15MG TAB,MED000471,15 mg,tablet,Box of 10,1
Tramadol,AMBIDOL 50MG/ML AMPULE,MED00414,50 mg/mL,ampule,Box of 10,1
Tramadol,OPIODEX 50MG CAP,MED1179,50 mg,capsule,Box of 100,1
Tramadol,TRAMADOL 50MG CAPSULE,MED00294,50 mg,capsule,Box of 100,1
Tramadol,TRIAMIDE 50MG/ML AMPULE,MED01122,50 mg/mL,ampule,Box,1
Tramadol Caps,APTRADOL 50MG CAPS,MED01059,50 mg,,Box of 100,1
Tramadol Hdl,SITIDOL 50MG/ML AMP,MED1165,50 mg/mL,ampule,Box of 10,1
Tramadol Iv,TRAMADOL IV (100MG),0337,100 mg,,Per unit,1
Tramadol Paracetamol,ALGESIA 37.5/325MG TABLET,MED00990,325 mg,tablet,Box of 50,1
Tranexamic,VASOCOOL AMP,MED1368,,ampule,Box of 5,1
Tranexamic Acid,ANEPTIL 500MG/5ML AMP,MED01120,500 mg/5 mL,ampule,Per unit,1
Tranexamic Acid,HAEMOREX 500MG CAP,MED01255,500 mg,capsule,Box of 100,1
Tranexamic Acid,HEMOBAS 500MG/5ML AMPULE,MED00415,500 mg/5 mL,ampule,Box of 10,1
Tranexamic Acid,HEMOSTAP 500MG CAPSULE,MED00295,500 mg,capsule,Box of 100,1
Tranexamic Acid,HEMOXIN 500MG CAPSULE,MED01149,500 mg,capsule,Box of 100,1
Tranexamic Acid,TRANCE AMPULE 500MG/5ML,MED01081,500 mg/5 mL,ampule,Box of 5,1
Tranexamic Acid,TRANEXSAPH 500MG CAPSULE,MED01206,500 mg,capsule,Box of 100,1
Tranexamic Acid,XED 100MG/ML AMPULE,MED01205,100 mg/mL,ampule,Box of 100,1
Trimedin,TRIMETAZIDINE MR 35mg,MED00989,35 mg,,Pieces,1
Trimetazidine,ANGIMAX MR 35MG TABLET,MED00297,35 mg,tablet,Box of 60,1
Trimetazidine,ANGIREL MR 35MG TABLET,MED00296,35 mg,tablet,Box of 100,1
Trimetazidine,ANGIVENT OD 60MG CAP,MED00583,60 mg,capsule,Box of 100,1
Trimetazidine,TMZ-MR 35MG TAB,MED00470,35 mg,tablet,Box of 30,1
Uridine Vit B Folic Acid,KELTICAN CAPSULE,MED00426,,capsule,Box of 20,1
Ursodeoxycholic,URODIL 300MG TABLET,MED00299,300 mg,tablet,Box of 100,1
Ursodeoxycholic Acid,URSA 250MG CAP,MED1154,250 mg,capsule,Box of 30,1
Ursodeoxycholic Acid,URSOMAX 300MG TABLET,MED00298,300 mg,tablet,Box of 30,1
Ursodeoxycholic Acid Caps,URSOKON 250MG CAPS,MED1263,250 mg,,Box of 30,1
Valsartan Hctz Vasar,VASAR PLUS 80MG/12.5MG TABLET,MED00611,80 mg,tablet,Box of 30,1
Valsartan Hctz Vasar,VASAR PLUS 80MG/12.5MG TABLET,MED000527,80 mg,tablet,Box of 30,1
Valsartan Hydrochlorothiazide,VALATAN PLUS 80MG/12.5MG TABLET,MED01167,80 mg,tablet,Pieces,1
Vancomycin Iv,VANCOMYCIN IV (500MG),0341,500 mg,,Per unit,1
Venamax,VENAMAX (VEINS),MED00679,,,Box of 20,1
Verapamil,ISOPTIN 5MG/2ML AMPULE,MED00416,5 mg/2 mL,ampule,Box of 5,1
Verapamil,VERAL 240MG TABLET,MED00497,240 mg,tablet,Box of 100,1
Vildagliptin Metformin,PROGLINMET 50MG/1000MG TABLET,MED00593,50 mg,tablet,Box of 30,1
Vildagliptin Metformin,PROGLINMET 50MG/1000MG TABLET,0006999,50 mg,tablet,Box of 30,1
Vitamin B B B Nicotinamide D Panthenol,TREXYVIT AMP,MED00463,,ampule,Pieces,1
Vitamin B Complex,COMBENERV 50MG/ 50MG/ 500MCG,MED1344,50 mg,,Pieces,1
Vitamin B Complex,NEUROBE 100MG/100MG/1MG AMPULE 3ML,MED00524,100 mg,ampule,Box of 10,1
Vitamin B Complex,NEUROBE AMPULE,MED00417,3 mL,ampule,Box of 10,1
Vitamin B Complex,NEURONERV FORTE TABLET,MED00306,500 mg,tablet,Box of 100,1
Vitamin B Complex,NEURONERV TABLET,MED00304,100 mg,tablet,Box of 100,1
Vitamin B Complex,NUERONERVE 100MG/200MG/200MCG TABLET,MED00302,100 mg,tablet,Box of 100,1
Vitamin B Complex,PLEXONERVE 500MG/250MG/1MG TABLET,MED00305,500 mg,tablet,Box of 100,1
Vitamin B Complex,PRONERV 100/200/200MCG SOFTGEL CAPSULE,MED00498,200 mcg,capsule,Box of 100,1
Vitamin B Complex,ULTRAPLEX TABLET,MED00303,100 mg,tablet,Box of 50,1
Vitamin B Complex Iron Buclizine Lysine,IROPLUS SYRUP 120ML,MED00301,120 mL,syrup,Pieces,1
Vitamin B Complex Iv,VITAMIN B COMPLEX IV,0342,,,Per unit,1
Vitamins B B B,NEUROBION TABLET,MED1168,,tablet,Pieces,1
Vitamins Lysine Taurine Cgf Zinc,KIDS CARE ADVANCE SYRUP 120ML,MED1257,120 mL,syrup,Pieces,1
Warfarin,WARIN 5MG TABLET,MED00307,5 mg,tablet,Box of 100,1
Xarelto,XARELTO 15MG,MED00675,15 mg,,Box of 30,1
Xarelto,XARELTO 20MG - RIVAROXABAN,MED00674,20 mg,tablet,Box of 30,1
Xed,XED 500MG/5ML AMPULE,MED01092,500 mg/5 mL,ampule,Box of 10,1
Xylitol Oral,XYLOGEL ORAL GEL,MED00308,,gel,Pieces,1
Zinc,ENERZINC SYRUP 55MG/5ML SYRUP,MED00309,55 mg/5 mL,syrup,Pieces,1
Zinc,ZINC SULFATE 60ML LEMZINC,MED1336,60 mL,,Gallon,1
Zinc,ZINCVITA DROPS,MED00310,,drops,Pieces,1
Zinc,ZINLUM SYRUP 60ML,MED1338,60 mL,syrup,Bottle,1
Zobrixol,ZOBRIXOL 15MG/5ML SYRUP 60ML,MED01063,15 mg/5 mL,syrup,Box,1
Zobrixol,ZOBRIXOL 6MG/ML DROPS 15ML,MED00972,6 mg/mL,drops,Box,1
Zoledronic Acid,ZOLEDRONIC ACID,MED01236,,,Pieces,1
Zoledronic Acid,ZOLEDRONIC ACID VIAL,MED1160,,vial,Pieces,1
Zoledronic Acid,ZOLETALIS 4mg/5ml vial,MED01249,4 mg/5 mL,vial,Vial,1
