generic_name,dosage_form,strength,route
0.9% Sodium Chloride,"solution, ampul","2 mL, 2.5 mL, 5 mL, 10 mL, 20 mL, 50 mL, 100 mL, 200 mL",Inj.
10% Dextrose in Water,ampul,"250 mL, 500 mL, 1 L, 3 mL",Inj.
5% Dextrose in 0.3% Sodium Chloride,,"250 mL, 500 mL, 1 L, 50 g/L, 51 mmol/L",Inj.
5% Dextrose in 0.45% Sodium Chloride,,"250 mL, 500 mL, 1 L, 50 g/L, 77 mmol/L",Inj.
5% Dextrose in 0.9% Sodium Chloride,,"250 mL, 500 mL, 1 L, 50 g/L, 154 mmol/L",Inj.
5% Dextrose in Lactated Ringers,,"250 mL, 500 mL, 1 L, 50 g/L, 130 mmol/L, 4 mmol/L, 1.5 mmol/L, 109 mmol/L",Inj.
5% Dextrose in Water,,"250 mL, 500 mL, 1 L",Inj.
Abacavir,tablet,300mg,Oral
Acetated Ringer’s Solution,,"500 mL, 1 L, 130 mmol/L, 4 mmol/L, 3 mmol/L, 109 mmol/L",Inj.
Acetazolamide,tablet,250 mg,Oral
Acetylcysteine,"effervescent tablet, suspension, solution, granules, sachet, ampul","600 mg, 100 mg, 200 mg, 100 mg/5 mL, 150 mL, 200 mg/mL, 10 mL, 25 mL","Oral, Inj., Inhalation"
Aciclovir,"tablet, suspension, vial","200 mg, 400 mg, 800 mg, 200 mg/5 mL, 60 mL, 120mL, 25 mg/mL, 10 mL","Oral, Inj."
Activated Charcoal,powder,,Oral
Adenosine,vial,"3 mg/mL, 2 mL",Inj.
Adrenaline,,,
Albendazole,"chewable tablet, suspension","400 mg, 200 mg/5 mL, 10 mL, 60 mL",Oral
"Albumin, Human",,"50 mL, 100 mL",Inj.
"Alcohol, Ethyl","solution, ampul",1 mL,"Oral, Inj."
Alendronate (as sodium salt),tablet,"10 mg, 70 mg",Oral
Alendronate + Cholecalciferol (vitamin D3),tablet,"70 mg, 5600 IU",Oral
Alfuzosin (as hydrochloride),tablet,10 mg,Oral
Allopurinol,tablet,"100 mg, 300 mg",Oral
All‐in‐one Admixtures,solution,"2500 mL, 6 g/100 mL, 15 g/100 mL, 5 g/ 100mL",
Alprazolam,tablet,"250 microgram, 500 microgram, 1 mg",Oral
Aluminum Hydroxide + Magnesium Hydroxide,"tablet, suspension","225 mg, 200 mg, 5 mL, 60 mL, 120 mL, 100 mg",Oral
Amikacin (as sulfate),"ampul, vial","50 mg/mL, 100 mg/mL, 125 mg/mL, 250 mg/mL, 2 mL, 100 mg, 250 mg, 500 mg",Inj.
Amino Acid + carbohydrate + multivitamins + electrolytes,"solution, injection",1000 mL,Inj.
Amino Acid + glucose + electrolytes + vitamin B1,solution,"500 mL, 1000 mL",Inj.
Amino Acid Solutions for Hepatic Failure,solution,"500 mL, 50 g",
Amino Acid Solutions for Immunonutrition / Immunoenhancement,solution,"50 mL, 100 mL, 20 g",
Amino Acid Solutions for Infants,solution,"100 mL, 10 g",
Amino Acid Solutions for Renal Condition,solution,"500 mL, 35 g",
"Amino Acids, Crystalline Standard",ampul,"500 mL, 100 mL, 250 mL, 1 L, 20 mL, 200 mL",Inj.
Aminophylline (theophylline ethylenediamine),ampul,"25 mg/mL, 10 mL",Inj.
Amiodarone (as hydrochloride),tablet,200 mg,Oral
Amlodipine (as besilate/camsylate),tablet,"5 mg, 10 mg",Oral
Amoxicillin (as trihydrate),"capsule, suspension, drops, powder, granules","250 mg, 500 mg, 100 mg/mL, 15 mL, 250 mg/5 mL, 60 mL",Oral
"Amphotericin B (Lipid Complex) (as cholesteryl complex, colloidal dispersion)",vial,"50 mg, 100 mg",Inj.
Amphotericin B (Non‐Lipid Complex),"powder, vial",50 mg,Inj.
Ampicillin (as sodium salt),vial,"250 mg, 500 mg, 1 g",Inj.
Ampicillin + Sulbactam,vial,"500 mg, 250 mg, 1000 mg, 2000 mg",Inj.
Anastrazole,film coated tablet,1 mg,Oral
Antilymphocyte Immunoglobulin (ALG) (equine),vial,100 mg/5 mL,Inj.
Antimicrobial,"solution, powder, vial","200mg, 30mL",Inj.
Antithymocyte Immunoglobulin (ATG) (rabbit),vial,25 mg/5 mL,Inj.
Anti‐D Immunoglobulin (human anti‐D immunoglobulin),ampul,"200 micrograms/mL, 1.5 mL",Inj.
Anti‐rabies serum (equine),vial,"200 IU/mL, 5 mL, 400 IU/mL",Inj.
Anti‐tetanus serum (equine),"solution, injection, ampul, vial","4000 IU/mL, 2.5 mL, 1500 IU/0.7 mL, 1500 IU/mL, 1 mL, 1.5 mL",Inj.
Aripiprazole,"orally disintegrating tablet, suspension, injection, powder","10 mg, 15 mg, 20 mg, 30 mg, 300 mg, 400 mg, 200 mg/mL","Oral, Inj., injection"
Artemether + Lumefantrin,tablet,"20 mg, 120 mg",Oral
Artesunate,"suppository, vial","60 mg, 50 mg","Inj, Rectal"
Ascorbic Acid (vitamin C),"tablet, syrup, drops, ampul","100 mg, 500 mg, 100 mg/5 mL, 60 mL, 120 mL, 100 mg/mL, 15 mL, 30 mL","Oral, Inj."
Asparaginase,"powder, vial",000 IU,Inj.
Aspirin,tablet,"80 mg, 100 mg, 300 mg, 325mg",Oral
Atenolol,tablet,"50 mg, 100 mg",Oral
Atorvastatin calcium,tablet,"10 mg, 20 mg, 40 mg, 80 mg",Oral
Atracurium (as besilate),ampul,"10 mg/mL, 2.5 mL, 5 mL",Inj.
Atropine (as sulfate),"tablet, solution, eye drops, ampul","600 micrograms, 500 mcg, 500 micrograms/mL, 600 micrograms/mL, 1 mg/mL, 1 mL, 5 mL, 10 mL","Oral, Inj."
Azathioprine,tablet,50 mg,Oral
Azithromycin,"tablet, capsule, suspension, powder, vial","250 mg, 500 mg, 200 mg/5 mL, 15 mL, 60 mL","Oral, Inj."
Aztreonam,"injection, powder",1 g,Inj.
Bacitracin + Neomycin + Polymixin B,ointment,"200 units, 3 mg, 4000 units, 10 g",
Baclofen,tablet,10 mg,Oral
Balanced Multiple Maintenance Solution,,"250 mL, 500 mL, 1 L, 50 g/L, 30 mmol/L, 50 mmol/L, 25 mmol/L, 1.65 mmol/L",Inj.
Balanced Multiple Replacement Solution,,"500 mL, 1 L, 145 mmol/L, 5 mmol/L, 1.65 mmol/L, 127 mmol/L, 50 mmol/L, 50g/L",Inj.
Balanced Multiple Replacement Solution w/ pH 7.4,,"500 mL, 1 L, 140 mmol/L, 5 mmol/L, 3 mmol/L, 98 mmol/L, 50 mmol/L",Inj.
Barium Sulfate,powder,"340 g, 454 g",Oral
Basiliximab,vial,20 mg,Inj.
BCG Vaccine,"powder, ampul, vial","100 micrograms/0.1 mL, 1 mL, 1.5 mL, 2 mL, 500 micrograms/mL",Inj.
Bedaquiline fumarate,tablet,100 mg,Oral
Benzoyl Peroxide,gel,20 g,
Benzyl Benzoate,lotion,"60 mL, 120 mL",
Beractant,"suspension, vial","25 mg/mL, 4 mL, 8 mL","Inj., Intratracheal"
Betahistine (as hydrochloride/ dihydrochloride),tablet,"8 mg, 16 mg, 24 mg",Oral
Betamethasone,"cream, ointment","5 g, 10 g",
Betaxolol (as hydrochloride),"suspension, solution, eye drops","5 mL, 10 mL",
Bicalutamide,film coated tablet,"50 mg, 150 mg",Oral
Biperiden,"tablet, ampul","2 mg, 5 mg/mL, 1 mL","Oral, Inj."
Biphasic Isophane Human Insulin 70/30 (recombinant DNA),"suspension, vial","100 IU/mL, 5 mL, 10 mL, 3 mL, 3mL",Inj.
Bisacodyl,"mr tablet, suppository","5 mg, 10 mg","Oral, Rectal"
Bisoprolol,tablet,"2.5 mg, 5 mg",Oral
Bleomycin (as sulfate),"powder, ampul, vial",15 IU,Inj.
Brimonidine (as tartrate),solution,5 mL,Ophthalmic
Brinzolamide,suspension,5 mL,Ophthalmic
Bromazepam,tablet,1.5 mg,Oral
Bromocriptine (as mesilate),tablet,2.5 mg,Oral
Budesonide,,"100 micrograms/, 200 micrograms/, 250 micrograms/mL, 2 mL","Inhalation, Resp."
Budesonide + Formoterol,,"80 micrograms, 4.5 micrograms, 160 micrograms, 320 micrograms, 9 micrograms",Inhalation
Bumetanide,"tablet, ampul","1 mg, 500 micrograms/mL, 4 mL","Oral, Inj."
Bupivacaine (as hydrochloride),"ampul, vial","5 mL, 10 mL, 20 mL, 50 mL, 4 mL",Inj.
Butamirate (as citrate),"mr tablet, syrup","50 mg, 7.5 mg/5 mL, 120 mL",Oral
Butorphanol (as tartrate),"ampul, vial","2 mg/mL, 1 mL, 2 mL",Inj.
"Calamine, Plain",lotion,"60 mL, 120 mL",
Calcipotriol,ointment,"50 microgram/, 30 g",
Calcipotriol + Betamethasone,ointment,"50 microgram, 500 microgram, 30 g",
Calcitriol,capsule,0.25 microgram,Oral
Calcium,"chewable tablet, solution, powder, ampul","500 mg, 600 mg, 10 mL","Oral, Inj."
Calcium Carbonate,chewable tablet,"500 mg, 600 mg",Oral
Calcium Carbonate + Cholecalciferol (vitamin D3),,"500 mg, 400 IU, 600 mg",Oral
Calcium Folinate (leucovorin calcium),"ampul, vial","10 mg/mL, 5 mL, 50 mg",Inj.
Calcium Gluconate,"ampul, vial","10 mL, 20 mL, 25 mL",Inj.
Calcium Sennosides (equivalent to Standardized Senna concentrate),tablet,"8.77 mg, 17.54 mg",Oral
Capecitabine,tablet,"150 mg, 500 mg",Oral
Capreomycin,"injection, powder",,Inj.
Captopril,tablet,"25 mg, 50 mg",Oral
Carbachol,"solution, vial",1.5 mL,
Carbamazepine,"mr tablet, syrup","200 mg, 400 mg, 100 mg/5 mL, 120 mL",Oral
Carbetocin,"solution, injection, ampul, vial","100 mcg/mL, 1 mL","Inj., Injection"
Carboplatin,"powder, vial","150 mg, 450 mg, 10 mg/mL, 15 mL, 45 mL",Inj.
Carboprost,"solution, injection, ampul, vial","125 mcg/0.5 mL, 0.5 mL, 250 mcg/mL, 1 mL",Inj.
Carboxymethylcellulose (as sodium),"solution, eye drops","0.4 mL, 15 mL",
Carvedilol,tablet,"6.25 mg, 25 mg",Oral
Castor Oil,,,Oral
Cefalexin (as monohydrate),"capsule, syrup, suspension, drops, powder, granules","500 mg, 100 mg/mL, 10 mL, 125 mg/5 mL, 30 mL, 250 mg/5 mL, 60 mL",Oral
Cefazolin (as sodium salt),vial,"500 mg, 1 g",Inj.
Cefepime (as hydrochloride),vial,"500 mg, 1 g, 2 g",Inj.
Cefixime,"capsule, suspension, drops, granules","200 mg, 400 mg, 20 mg/mL, 10 mL, 100 mg/5 mL, 60 mL",Oral
Cefotaxime (as sodium salt),vial,"250 mg, 2 mL, 500 mg",Inj.
Cefoxitin,"solution, injection, powder, vial","1 g, 1g",Inj.
Ceftaxidime (Ceftazidime),vial,"250 mg, 500 mg, 1 g, 2 g",Inj.
Ceftriaxone (as disodium/sodium salt),"solution, vial","250 mg, 2 mL, 500 mg, 5 mL, 1 g, 3.5 mL, 10 mL",Inj.
Cefuroxime,"tablet, suspension, granules, vial","500 mg, 125 mg/5 mL, 70 mL, 250 mg/5 mL, 50 mL, 120 mL, 250 mg, 750 mg","Oral, Inj."
Celecoxib,capsule,"100 mg, 200 mg, 400 mg",Oral
Cetirizine (as dihydrochloride),"tablet, syrup, solution, drops","10 mg, 2.5 mg/mL, 10 mL, 10 mg/mL, 1 mg/mL, 30 mL, 60 mL, 5 mg/5 mL",Oral
Chlorambucil,tablet,2 mg,Oral
Chloramphenicol,"capsule, suspension, vial","500 mg, 125 mg/5 mL, 60 mL, 1 g","Oral, Inj."
Chlorhexidine,solution,"50 mL, 120 mL, 380 mL, 500 mL, 4 L, 5 L",
Chloroquine (as phosphate or,tablet,"250 mg, 150 mg",Oral
Chlorphenamine (Chlopheniramine) (as maleate),"tablet, syrup, ampul, vial","4 mg, 2.5 mg/5 mL, 60 mL, 10 mg/mL, 1 mL","Oral, Inj."
Chlorpheniramine,,,
Chlorpromazine (as hydrochloride),tablet,"100 mg, 200 mg",Oral
Ciclosporin,"capsule, solution, emulsion","25 mg, 50 mg, 100 mg, 100 mg/mL, 50 mL, 0.4 mL","Oral, Ophthalmic"
Cilostazol,"tablet, powder, sachet","50 mg, 100 mg, 0.25 g, 0.5 g",Oral
Cinnarizine,tablet,25 mg,Oral
Ciprofloxacin,"tablet, vial","250 mg, 500 mg, 2 mg/mL, 100 mL, 400 mg/200 mL","Oral, Inj."
Cisplatin,vial,"1 mg/mL, 10 mL, 50 mL",Inj.
Clarithromycin,"tablet, suspension, powder, granules","250 mg, 500 mg, 125 mg/5 mL, 250 mg/5 mL, 50 mL",Oral
Clindamycin,"capsule, suspension, granules, ampul, vial","150 mg, 300 mg, 75 mg/5 mL, 60 mL, 150 mg/mL, 2 mL, 4 mL","Oral, Inj."
Clobetasol (as propionate),"cream, ointment","5 g, 15 g, 25 mL",
Clofazimine,capsule,"50 mg, 100 mg",Oral
Clomifene,tablet,50 mg,Oral
Clonazepam,tablet,"500 micrograms, 2 mg",Oral
Clonidine,"tablet, ampul","75 micrograms, 150 micrograms, 150 micrograms/mL, 1 mL","Oral, Inj."
Clopidogrel,tablet,75 mg,Oral
Clotrimazole,"solution, cream","10 mg/, 3 g, 10 g, 20 g, 20 mg/, 30 g",Vaginal
Cloxacillin (as sodium salt),"capsule, solution, powder","500 mg, 250mg/ 5mL, 60 mL",Oral
Clozapine,tablet,"25 mg, 100 mg",Oral
Co-Amoxiclav (amoxicillin + potassium clavulanate),"tablet, suspension, powder, granules","500 mg, 125 mg, 875 mg, 200 mg, 28.5 mg, 5 mL, 70 mL, 400 mg",Oral
Cobra Antivenin,ampul,"800 MU/ 4.8 mL, 1 mL, 800 IU/mL, 5 mL",Inj.
Codeine,"capsule, suspension","30 mg, 10 mg/5 mL, 60 mL",Oral
Colchicine,tablet,500 microgram,Oral
Colistin,"injection, powder","000 IU, 100 mL, 500 mL, 50 g, 30 g",Inj.
Conjugated Estrogen,tablet,"625 micrograms, 1.25 mg",Oral
Cotrimoxazole (sulfamethoxazole + trimethoprim),"tablet, capsule, suspension, ampul","400 mg, 80 mg, 800 mg, 160 mg, 200 mg, 40 mg, 5 mL, 70mL","Oral, Inj."
Crotamiton,lotion,60 mL,
Cyclophosphamide,"powder, vial","200 mg, 500 mg, 1 g",Inj.
Cycloserine,capsule,250 mg,Oral
Cyproterone (as acetate),tablet,50 mg,Oral
Cytarabine,"solution, injection, ampul","20 mg/mL, 5 mL, 100 mg/mL, 1 mL, 5mL, 10 mL",Inj.
Dacarbazine,"powder, vial","100 mg, 200 mg",Inj.
Daclatasvir,tablet,60 mg,Oral
Dactinomycin,"powder, vial",500 micrograms,Inj.
Danazol,capsule,200 mg,Oral
Dantrolene (as sodium salt),"capsule, injection, vial","25 mg, 50 mg, 20 mg, 3 g, 60 mL","Oral, Inj."
Dapsone,tablet,100 mg,Oral
Deferasirox,tablet,"125 mg, 250 mg",Oral
Deferiprone,tablet,500 mg,Oral
Deferoxamine (as mesilate),"powder, vial",500 mg,Inj.
Delamanid,film coated tablet,50 mg,Oral
Desflurane,,240 mL,Inhalation
Desmopressin (as acetate),"tablet, ampul","100 micrograms, 200 micrograms, 15 micrograms/mL, 1 mL","Oral, Inj."
Dexamethasone,"tablet, suspension, eye drops, ampul, vial","500 micrograms, 750 micrograms, 3 mg, 4 mg, 4 mg/mL, 1 mL, 2 mL, 5 mg/mL","Oral, Inj."
"Dextran, High Molecular Weight (Dextran 70)",,500 mL,Inj.
Dextromethorphan (as hydrobromide),tablet,10 mg,Oral
Diazepam,"tablet, ampul","5 mg, 5 mg/mL, 2 mL","Oral, Inj."
Diclofenac,"mr tablet, capsule, ampul","25 mg, 50 mg, 100 mg, 25 mg/mL, 3 mL","Oral, Inj."
Dicycloverine (Dicyclomine) (as hydrochloride),"tablet, syrup","10 mg, 10 mg/5 mL, 60 mL",Oral
Diethylcarbamazine,tablet,"50 mg, 100 mg",Oral
Digoxin,"tablet, ampul","250 micrograms, 50 micrograms/mL, 60 mL, 250 micrograms/mL, 2 mL","Oral, Inj."
Diloxanide (as furoate),"tablet, syrup, suspension","500 mg, 125 mg/5 mL, 30 mL, 60 mL",Oral
Diltiazem (as hydrochloride),"mr tablet, capsule","60 mg, 120 mg, 180 mg, 240 mg",Oral
Dimeglumine Gadopentetate,"solution, vial","469 mg/mL, 5 mL, 10 mL, 20 mL",Inj.
Dimercaprol,ampul,"50 mg/mL, 2 mL",Inj.
Dimercaptopropane-sulphonate (DMPS),"ampul, vial","100 mg/mL, 1 mL, 10 mL",Inj.
Diphenhydramine (as hydrochloride),"capsule, syrup, ampul","25 mg, 50 mg, 12.5 mg/5 mL, 30 mL, 60 mL, 50 mg/mL, 1 mL","Oral, Inj."
diphosphate),vial,"50 mg/mL, 20 mL",Inj.
Diphtheria Antitoxin,,"000 IU, 5 mL, 10 mL",Inj.
"Diphtheria, Tetanus, Pertussis, Hepatitis B Recombinant and Haemophilus Influenza Type B (Hib) Combined Vaccine","suspension, injection, vial",0.5mL,Inj.
Diphtheria-Tetanus Toxoids (DT),ampul,"30 IU, 40 IU, 0.5 mL",Inj.
Diphtheria-Tetanus Toxoids (Td),"ampul, vial","2 IU, 40 IU, 0.5 mL",Inj.
Diphtheria-Tetanus Toxoids and Acellular Pertussis Vaccines (DTaP),,0.5 mL,Inj.
Diphtheria-Tetanus Toxoids and Pertussis Vaccine (DTP),"ampul, vial","0.5 mL, 5 mL, 7.5 mL, 10 mL",Inj.
Dipyridamole,tablet,25 mg,Oral
Divalproex Sodium OR,tablet,"250 mg, 500 mg",Oral
Dobutamine,ampul,"50 mg/mL, 5 mL, 2 mg/mL, 250 mL",Inj.
Docetaxel,"solution, vial","10 mg/mL, 2 mL, 8 mL, 20 mg/0.5 mL, 0.5 mL, 40 mg/mL, 20 mg/mL, 1mL",Inj.
Dolutegravir,tablet,50 mg,Oral
Domperidone,"tablet, suspension","10 mg, 1 mg/mL, 60 mL",Oral
Donepezil,tablet,"5 mg, 10 mg",Oral
Dopamine (as hydrochloride),"ampul, vial","40 mg/mL, 5 mL, 800 micrograms/mL, 250 mL, 1.6 mg/mL",Inj.
Dorzolamide,"solution, eye drops, vial",5 mL,
Doxorubicin (as hydrochloride),"powder, vial","10 mg, 50 mg, 2 mg/mL, 5 mL, 25 mL",Inj.
Doxycycline,capsule,100 mg,Oral
DTaP + Hib,,0.5 mL,Inj.
DTP + Hepatitis B Vaccine (recombinant),vial,0.5 mL,Inj.
DTP + Hib,vial,"0.5 mL, 10 microgram",Inj.
DTP + Inactivated Polio Vaccine (IPV),vial,0.5 mL,Inj.
DTP + IPV + Hib,,0.5 mL,Inj.
Dydrogesterone,tablet,10 mg,Oral
Efavirenz,"tablet, capsule","50 mg, 100 mg, 200 mg, 600 mg",Oral
Emtricitabine + Tenofovir Disoproxil Fumarate,tablet,"200 mg, 300 mg",Oral
Enalapril (as maleate),tablet,"5 mg, 20 mg",Oral
Enalapril + Hydrochlorothiazide,tablet,"20 mg, 12.5 mg",Oral
Enoxaparin (as sodium salt),,"100 mg/mL, 0.2 mL, 0.4 mL, 0.6 mL",Inj.
Entecavir,"tablet, solution","500 mcg, 1 mg, 0.05 mg/mL",Oral
Enteral Nutrition - Adult Polymeric,,"59 g, 19.9 g, 21.5 g, 402 mg, 580 mg, 500 mg, 1.5 g, 307 mg",
Enteral Nutrition - Disease Specific,,"156 g, 88 g, 108 g, 2400 mg, 5600 mg, 500 mg, 1789 mg, 50 mL",
Enteral Nutrition - Fiber Containing,,"148 g, 40 g, 34.7 g, 930 mg, 1570 mg, 720 mg, 10.6 g, 500 mL",
Enteral Nutrition - Modular,,"94 g, 23 g, 0.6 g, 110 mg, 66 mg, 30 mg, 280 g, 400 g",Oral
Enteral Nutrition - Pediatric Polymeric,,"62.2 g, 54.3 g, 26 g, 250 mg, 750 mg, 760 mg, 100 g",Oral
Enteral Nutrition - Semi- Elemental,,"177.2 g, 66.6 g, 37.4 g, 1040 mg, 1730 mg, 867 mg, 100 mL, 1 L",Oral
Eperisone hydrochloride,tablet,50 mg,Oral
Ephedrine,"solution, injection, ampul","30 mg/mL, 1 mL, 50 mg/mL",Inj.
Epinephrine (adrenaline),"injection, ampul","1 mg/mL, 1 mL, 0.3 mg, 0.3 mL",Inj.
Epirubicin (as hydrochloride),"powder, vial","10 mg, 50 mg",Inj.
Epoetin Alfa (recombinant human erythropoietin),vial,"2000 IU/0.5 mL, 4000 IU/0.4 mL, 4000 IU/mL, 1 mL, 000 IU/mL",Inj.
Epoetin Beta (recombinant erythropoietin),,"2000 IU/0.3 mL, 5000 IU/0.3 mL, 000 IU/0.6 mL",Inj.
Ergotamine,tablet,1 mg,Oral
Ertapenem (as sodium salt),"powder, vial",1 g,Inj.
Erythromycin,"tablet, suspension, ointment, powder, granules","500 mg, 200 mg/5 mL, 60 mL, 400 mg/5 mL, 50 mL, 3.5 g, 5 g",Oral
Escitalopram (as oxalate),tablet,10 mg,Oral
Esmolol (as hydrochloride),vial,"10 mg/mL, 10 mL, 100 mg/mL",Inj.
Ethambutol (as hydrochloride),tablet,"100 mg, 200 mg, 400 mg",Oral
Ethinylestradiol + Desogestrel,tablet,"30 micrograms, 150 microgram",Oral
Ethinylestradiol + Levonorgestrel,tablet,"30 micrograms, 150 microgram",Oral
Ethinylestradiol + Norethisterone,tablet,"35 micrograms, 400 microgram",Oral
Ethinylestradiol + Norgestrel Etonogestrel,tablet,"30 micrograms, 300 microgram, 68 mg",Oral
Etoposide,"powder, ampul, vial","20 mg/mL, 5 mL, 10 mL, 100 mg",Inj.
Everolimus,tablet,"250 mcg, 500 mcg",Oral
"Factor IX Complex Concentrate (coagulation factors II, VII, IX, X)","powder, vial","100 IU/mL, 5 mL, 10 mL, 500 IU",Inj.
Factor VIII Concentrate,"powder, vial",100 IU/,Inj.
Famotidine,"tablet, injection, powder, ampul, vial",20 mg,"Oral, Inj."
Felodipine,mr tablet,"5 mg, 10 mg",Oral
Fenofibrate,"tablet, capsule","200 mg, 160 mg",Oral
Fenoterol (as hydrobromide),,"20 micrograms, 50 micrograms, 10 mL",
Fentanyl (as citrate),"tablet, ampul","100 mcg, 200 mcg, 300 mcg, 400 mcg, 50 micrograms/mL, 2 mL, 10 mL","Oral, sublingual, Inj."
Ferrous Salt,"tablet, syrup, solution, drops","60 mg, 15 mg, 0.6 mL, 15 mL, 30 mL, 30 mg, 5 mL, 60 mL",Oral
Ferrous Salt + Folic Acid,"film coated tablet, capsule","60 mg, 400 microgram",Oral
Filgrastim (G-CSF),"solution, injection, vial","150 micrograms/0.6 mL, 300 mcg/0.5 mL, 300 micrograms/mL, 300 micrograms/1.2 mL",Inj.
Finasteride,tablet,5 mg,Oral
Fluconazole,"capsule, vial","50 mg, 150 mg, 200 mg, 2 mg/mL, 100 mL","Oral, Inj."
Flucytosine (5-fluorocytosine),tablet,250 mg,Oral
Flumazenil,ampul,"100 micrograms/mL, 5 mL",Inj.
Flunarizine (as hydrochloride),capsule,5 mg,Oral
Fluocinonide,"cream, ointment","5 g, 15 g",
Fluorescein (as sodium salt),ampul,"100mg/mL, 5 mL, 1 mg, 9 mg",Inj.
Fluorouracil,"ampul, vial","50 mg/mL, 10 mL",Inj.
Fluoxetine,"tablet, capsule",20 mg,Oral
Flupentixol (as decanoate),"ampul, vial","20 mg/mL, 1 mL, 10 mL",Inj.
Fluphenazine (as decanoate),"ampul, vial","25 mg/mL, 1 mL, 10 mL",Inj.
Flutamide,tablet,250 mg,Oral
Fluticasone (as propionate),solution,"50 micrograms/, 250 micrograms/, 125 micrograms/, 250 micrograms/mL, 2 mL","Nasal, Resp."
Fluticasone (as propionate) +,,,Inhalation
Folic Acid,"tablet, capsule, syrup, drops","400 mcg, 800 mcg, 1 mg, 5 mg, 2.5mg/mL, 5mg/5mL",Oral
Fomepizole (4 – methylprazole),vial,"1 g/mL, 1.5 mL",Inj.
Fondaparinux (as sodium salt),solution,2.5 mg/0.5 mL,Inj.
Formoterol,powder,12 mcg,Inhalation
Formoterol (as fumarate dihydrate),,"50 mcg/5, 125 mcg/5, 250 mcg/10",
Fosfomycin,"solution, granules",3 g,Oral
Furosemide,"tablet, ampul","20 mg, 40 mg, 10 mg/mL, 2 mL, 25 mL","Oral, Inj."
Fusidate Sodium / Fusidic Acid,"suspension, eye drops, cream, ointment","5g, 15g, 5 g",
Gabapentin,capsule,"100 mg, 300 mg",Oral
Gadobutrol,"solution, injection, vial","1.0 mmol/mL, 15 mL, 5 mL",Inj.
Gadoteric acid,"solution, injection, vial","0.5 mmol/mL, 10 mL, 15 mL, 20 mL",Inj.
Ganciclovir,"gel, vial","5 g, 500 mg",Inj.
Gas Forming Agent,tablet,"470 mg, 70 mg, 420 mg, 25 mg",Oral
Gemcitabine (as hydrochloride),vial,"200 mg, 1 g",Inj.
Gentamicin (as sulfate),"ampul, vial","10 mg/mL, 2 mL, 40 mg/mL",Inj.
Gliclazide,mr tablet,"30 mg, 60 mg, 80 mg",Oral
Glucagon (as hydrochloride),powder,1 mg,Inj.
Glucose (dextrose),"ampul, vial","50 mL, 10 mL, 20 mL",Inj.
Glycerin,,,
Glycerol (glycerin),suppository,"2 g, 2.5 g","Oral, Rectal"
Glyceryl trinitrate (nitroglycerin),ampul,"1 mg/mL, 10 mL, 25 mL",Inj.
Goserelin (as acetate),solution,"3.6 mg, 10.8 mg",Inj.
Haloperidol,"tablet, ampul","2 mg, 5 mg, 10 mg, 5 mg/mL, 1 mL, 50 mg/mL","Oral, Inj."
Halothane Hemodialysis Solution,powder,"250 mL, 49.5 g, 216.19 g, 270.8 g, 5.25 g, 6.7 g, 6.47 g, 9.9 g",Inhalation
Hemophilus Influenzae type B Conjugated Vaccine (Hib),vial,"10 micrograms/0.5 mL, 0.5 mL",Inj.
Heparin (unfractionated) (as sodium salt),vial,"1000 IU/mL, 5000 IU/mL, 5 mL",Inj.
Hepatitis A Inactivated Vaccine,vial,"0.5 mL, 1.0 mL, 80 units/0.5 mL, 160 units/0.5 mL",Inj.
Hepatitis B Immunoglobulin (human),vial,"0.5 mL, 1 mL, 2 mL",Inj.
Hepatitis B Vaccine (recombinant DNA),vial,"10 micrograms/0.5 mL, 5 mL, 20 micrograms/mL, 10 mL",Inj.
"Human Papillomavirus quadrivalent (types 6, 11, 16, 18) recombinant vaccine","suspension, vial",0.5 mL,Inj.
"Human Papillomavirus vaccine types 16 and 18 (Recombinant, AS04 Adjuvanted)","suspension, vial","0.5 mL, 3 mL, 1 mL",Inj.
Human Recombinant Tissue Type Plasminogen Activator (Alteplase),powder,50 mg,Inj.
Hydralazine (as hydrochloride),"tablet, ampul","25 mg, 50 mg, 20 mg/mL, 1 mL","Oral, Inj."
Hydrochlorothiazide,tablet,"12.5 mg, 25 mg",Oral
Hydrocortisone,"tablet, cream, ointment, lotion, powder, vial","5 mg, 20 mg, 50 mg/mL, 2 mL, 125 mg/mL, 100 mg, 250 mg, 5 g","Oral, Inj."
Hydrogen Peroxide,solution,"60 mL, 120 mL",
Hydroxychloroquine (as sulfate),tablet,200 mg,Oral
Hydroxyethyl Starch,solution,"250 mL, 500 mL",Inj.
Hydroxyurea,capsule,500 mg,Oral
Hydroxyzine (as dihydrochloride),"tablet, syrup","25 mg, 2 mg/mL, 100 mL",Oral
Hyoscine (as N-butyl bromide),"tablet, syrup, ampul","10 mg, 5 mg/5 mL, 60 mL, 20 mg/mL, 1 mL","Oral, Inj."
Hypertonic Lactate 3%,"solution, injection","250 mL, 28.250 g, 0.075 g, 0.05 g, 504.15 mmol/L, 40.2 mmol/L, 1.36 mmol/L, 6.74 mmol/L","Inj., Injection"
Hypertonic Saline Solution,solution,,Inj.
Hypromellose,"solution, eye drops","5 mg/mL, 10 mg/mL, 10 mL, 15 mL",Ophthalmic
Ibuprofen,"tablet, syrup, suspension","200 mg, 400 mg, 100 mg/5 mL, 60 mL, 200 mg/5 mL",Oral
Idarubicin (as hydrochloride),"powder, vial",5 mg,Inj.
Ifosfamide,"powder, vial","1 g, 2 g",Inj.
Imatinib (as mesilate),tablet,"100 mg, 400 mg",Inj.
Imiglucerase,"powder, vial",20 mL,Inj
Imiquimod,"cream, sachet",,
"Immunoglobulin Normal, Human (IGIM)",vial,"160 mg/mL, 2 mL, 5 mL, 10 mL",Inj.
"Immunoglobulin Normal, Human (IGIV)","powder, vial","50 mg/mL, 10 mL, 20 mL, 50 mL, 100 mL, 200 mL, 1 g/, 33 mL",Inj.
"Inactivated Polio Vaccine (Types 1, 2, and 3), Salk","suspension, injection, vial","0.5 mL, 5 mL",Inj
"Inactivated Poliomyelitis Vaccine (Types 1, 2 and 3)","suspension, injection, vial",0.5 mL,Inj
Indacaterol (as maleate) + glycopyrronium (as bromide),"capsule, powder","110 mcg, 50 mcg",Inhalation
Indapamide,mr tablet,1.5 mg,Oral
Influenza Polyvalent Vaccine,"suspension, injection, ampul, vial","0.5 mL, 15mcg/0.5mL, 5mL, 7.5 mcg/0.25 mL, 0.25 mL",Inj.
Insulin Glargine,vial,"100 IU/mL, 10 mL, 3 mL",Inj.
Interferon Alfa 2B (human),vial,,Inj.
Intraocular Irrigating Solution (balanced salt solution),"solution, injection","15 mL, 250 mL, 500 mL",
Iodine,solution,"130 mg/mL, 30 mL",Oral
Iodixanol,"solution, injection, vial","652 mg/mL, 320 mg, 50 mL, 100 mL, 550 mg/mL, 270 mg",Inj.
Iodized Oil Fluid,"capsule, gel","500 mg, 200 mg",Oral
Iohexol,vial,"300 mg, 50 mL, 100 mL, 350 mg",Inj.
Iopamidol,vial,"612 mg/mL, 300 mg, 50 mL, 100 mL, 755 mg/mL, 370 mg",Inj.
Iopromide,vial,"300 mg/mL, 623 mg, 50 mL, 100 mL, 370 mg/mL, 769 mg",Inj.
Iothalamate,vial,"600 mg/mL, 30 mL, 50 mL, 100 mL",Inj.
Ioversol,vial,"636 mg/mL, 300 mg/mL, 50 mL, 100 mL, 741 mg/mL, 350 mg/mL",Inj.
Ipratropium (as bromide),,"20 micrograms/, 250 micrograms/mL, 2 mL","Inhalation, Resp."
Ipratropium (as bromide) +,,,Inhalation
Ipratropium + Salbutamol,,"20 micrograms, 100 micrograms, 10mL, 500 micrograms, 2.5 mg, 2.5 mL","Inhalation, Resp."
Irbesartan,tablet,"150 mg, 300 mg",Oral
Irbesartan + Hydrochlorothiazide,tablet,"150 mg, 12.5 mg",Oral
Irinotecan (as hydrochloride),vial,"40 mg/2 mL, 100 mg/5 mL",Inj.
Iron sucrose,ampul,"20 mg/mL, 5 mL",Inj.
Isoflurane,,"100 mL, 250 mL",Inhalation
Isoniazid,"tablet, syrup","300 mg, 400 mg, 200 mg/5 mL, 120 mL",Oral
Isoniazid + Rifampicin,tablet,"50 mg, 75 mg, 150 mg",Oral
Isoniazid + Rifampicin + Ethambutol,tablet,"75 mg, 150 mg, 275 mg",Oral
Isoniazid + Rifampicin + Pyrazinamide,tablet,"50 mg, 75 mg, 150 mg",Oral
Isoniazid + Rifampicin + Pyrazinamide + Ethambutol,tablet,"75 mg, 150 mg, 400 mg, 275 mg",Oral
Isophane Insulin Human (recombinant DNA),vial,"100 IU/mL, 3 mL, 5 mL, 10 mL",Inj.
Isosorbide Dinitrate,"mr tablet, capsule, ampul","10 mg, 20 mg, 5 mg, 1 mg/mL, 10 mL","Oral, Sublingual, Inj."
Isosorbide-5-Mononitrate,"mr tablet, capsule","40 mg, 30 mg, 60 mg, 6.80 g, 0.30 g, 0.37 g, 0.20 g, 3.27 g",Oral
Isotonic Electrolyte Solution for IV Infusion,solution,,Inj.
Isoxsuprine (as hydrochloride),"tablet, ampul","10 mg, 40 mg, 5 mg/mL, 2 mL","Oral, Inj."
Itraconazole,capsule,100 mg,Oral
Ivermectin,tablet,"3 mg, 6 mg",Oral
Kanamycin (as sulfate),vial,1 g,Inj.
Ketamine (as hydrochloride),vial,"50 mg/mL, 10 mL",Inj.
Ketoconazole,"cream, sachet","20 mg/, 3.5 g, 15 g, 6 mL, 10 mL, 60 mL, 100 mL",
Ketoprofen,"tablet, ampul","100 mg, 50 mg/mL, 2 mL","Oral, Inj."
Ketorolac (as tromethamol),ampul,"30 mg/mL, 1 mL",Inj.
Lactated Ringer's Solution (Ringer's Lactate),,"500 mL, 1 L, 130 mmol/L, 4 mmol/L, 1.5 mmol/L, 109 mmol/L, 28 mmol/L",Inj.
Lactulose,syrup,"3.3 g/5 mL, 3.35 g/5 mL",Oral
Lagundi [Vitex negundo L. ( Fam. Verbenaceae)],"tablet, syrup","300 mg, 600 mg, 300 mg/5 mL, 60 mL, 120 mL, 600 mg/5 mL",Oral
Lamivudine,"film coated tablet, suspension","100 mg, 150 mg, 10mg/mL, 240mL",Oral
Lamivudine + Efavirenz + Tenofovir,tablet,"300 mg, 600 mg",Oral
Lamivudine + Zidovudine,tablet,"150 mg, 300 mg",Oral
Lamivudine + Zidovudine + Nevirapine,tablet,"150 mg, 300 mg, 200 mg",Oral
Lamivudine +Tenofovir,tablet,300 mg,Oral
Lamotrigine,tablet,"50 mg, 100 mg",Oral
Lansoprazole,"mr tablet, capsule","15 mg, 30 mg",Oral
Latanoporst + Timolol maleate,solution,"50 mcg, 5 mg/mL, 5 mL",
Latanoprost,"solution, eye drops","50 micrograms/mL, 2.5 mL",
Letrozole,tablet,2.5 mg,Oral
Leucovorin Calcium,"ampul, vial","10 mg/mL, 5 mL, 50 mg",Inj.
Leuproreline (as acetate),"solution, powder, vial","3.75 mg/ 2 mL, 1.88 mg, 3.75 mg, 11.25 mg, 7.5 mg, 22.5 mg, 45 mg",Inj.
Levetiracetam,"film coated tablet, solution, vial","250 mg, 500 mg, 750 mg, 1 g, 500 mg/5 mL, 100 mg/mL, 5 mL, 100 mL","Oral, Inj."
Levobupivacaine,"solution, injection, ampul","5 mg/mL, 10 mL",Inj.
Levodopa + Carbidopa,tablet,"100 mg, 25 mg, 250 mg, 200 mg, 50 mg",Oral
Levofloxacin,"tablet, solution, eye drops, vial","250 mg, 500 mg, 750 mg, 5 mg/mL, 100 mL, 150 mL","Oral, Inj."
Levothyroxine (as sodium/anhydrous sodium),tablet,"50 mcg, 100 mcg, 150 mcg",Oral
Lidocaine (as hydrochloride),"ampul, vial, spray","20 mL, 20 mg/mL, 2 mL, 5 mL, 50 mL, 1.8 mL",Inj.
Linezolid,tablet,600 mg,Oral
Lipids,,"100 mL, 200 mL, 500 mL, 250 mL",Inj.
Lithium Carbonate,mr tablet,450 mg,Oral
Live Attenuated Bivalent Oral Polio Vaccine (Type 1 and 3),vial,2 mg,Oral
Live Attenuated Measles and Rubella (MR) Vaccine,vial,5 mL,Inj.
Live Attenuated Measles Vaccine,vial,"0.5 mL, 5 mL",Inj.
"Live Attenuated Measles, Mumps and Rubella (MMR) Vaccine",vial,"0.5 mL, 5 mL",Inj.
Live Attenuated Mumps Vaccine,vial,0.5 mL,Inj.
Live Attenuated Rubella Vaccine,vial,"0.5 mL, 5 mL",Inj.
Live Attenuated Varicella Vaccine,"injection, powder, ampul, vial",0.5 mL,Inj.
Loperamide (as hydrochloride),capsule,2 mg,Oral
Lopinavir + Ritonavir,"tablet, capsule","200 mg, 50 mg, 40 mg, 10 mg",Oral
Loratadine,"film coated tablet, syrup","10 mg, 5 mg/5 mL, 30 mL",Oral
Losartan (as potassium salt),tablet,"50 mg, 100 mg",Oral
Losartan + Hydrochlorothiazide,tablet,"50 mg, 12.5 mg",Oral
Lynestrenol,tablet,500 mcg,Oral
Magnesium Sulfate (as heptahydrate),"ampul, vial","250 mg/mL, 2 mL, 10 mL, 20 mL, 50 mL, 500 mg/mL",Inj.
Mannitol,,"250 mL, 500 mL",Inj.
Mebendazole,"chewable tablet, capsule, suspension","100 mg, 500 mg, 50 mg/mL, 10 mL, 100 mg/5 mL, 30 mL, 60 mL",Oral
Mebeverine (as hydrochloride),tablet,100 mg,Oral
Mecobalamin,"tablet, ampul","500 microgram, 500 micrograms/mL, 1 mL","Oral, Inj."
Medroxyprogesterone,"tablet, vial","5 mg, 10 mg, 50 mg/mL, 3 mL, 150 mg/mL, 1 mL","Oral, Inj."
Mefenamic Acid,"tablet, capsule","250 mg, 500 mg",Oral
Mefloquine (as hydrochloride),tablet,250 mg,Oral
Megestrol (as acetate),tablet,"40 mg, 160 mg",Oral
Melphalan,tablet,2 mg,Oral
Memantine,film coated tablet,"5 mg, 10 mg",Oral
Meningococcal polysaccharide (Neisseria meningitidis) vaccine,"powder, vial","50 micrograms/ 0.5 mL, 5 mL, 0.5 mL",Inj.
Mercaptopurine,tablet,50 mg,Oral
Meropenem (as trihydrate),"powder, vial","500 mg, 1 g",Inj.
Mesalazine,"mr tablet, suppository, granules, sachet","500 mg, 250 mg, 1.5 g","Oral, Rectal"
Mesna (sodium-2- mercaptoethanesulphonate),ampul,"100 mg/mL, 4 mL",Inj.
Metformin (as hydrochloride),film coated tablet,"500 mg, 850 mg",Oral
Methimazole (thiamazole),tablet,"5 mg, 10 mg",Oral
Methotrexate,"tablet, ampul, vial","2.5 mg, 5 mg/mL, 3 mL, 25 mg/mL, 2 mL, 20 mL, 100 mg/mL, 10 mL","Oral, Inj."
Methyldopa,tablet,250 mg,Oral
Methylene Blue,"solution, ampul, vial","10 mg/mL, 1 mL, 10 mL","Oral, Inj."
Methylergometrine (methylergonovine) (as hydrogen maleate or maleate),ampul,"200 micrograms/mL, 1 mL",Inj.
Methylergonovine,,,
Methylphenidate,"mr tablet, capsule","10 mg, 18 mg, 27 mg, 36 mg, 20 mg",Oral
Methylprednisolone,"tablet, solution, injection, powder, vial","4 mg, 16 mg, 125 mg/mL, 2 mL, 40 mg, 500 mg, 7.7 mL, 1 g/16 mL","Oral, Inj."
Metoclopramide,"tablet, syrup, ampul","10 mg, 5 mg/5 mL, 60 mL, 5 mg/mL, 2 mL","Oral, Inj."
Metoprolol (as tartrate),tablet,"50 mg, 100 mg",Oral
Metronidazole,"tablet, suspension, vial","250 mg, 500 mg, 125 mg, 5 mL, 200 mg/5 mL, 60 mL, 5 mg/mL, 100 mL","Oral, Inj."
Micafungin,powder,50 mg,Inj.
Miconazole Micronutrient Powder,"cream, gel, suppository, sachet","20 mg, 3.5 g, 20 mg/, 5 g, 1.2 g, 30 mg, 5 mg, 0.5 mg","Oral, Topical, Vaginal"
Midazolam,"tablet, ampul, vial","15 mg, 1 mg/mL, 5 mL, 5 mg/mL, 1 mL, 2 mL, 3 mL, 10 mL","Oral, Inj."
Mitoxantrone,solution,"2 mg/mL, 5 mL, 10 mL",Inj.
Modified Fluid Gelatin (polymerisate of degraded succinylated gelatin,solution,500 mL,Inj.
Monobasic/Dibasic Sodium,solution,"48 g/18, 100 mL, 45 mL",Oral
Montelukast (as sodium salt),"chewable tablet, granules, sachet","4 mg, 5 mg, 10 mg",Oral
Morphine (as sulfate),"tablet, capsule, ampul","10 mg, 20 mg, 30 mg, 60 mg, 10 mg/mL, 1 mL, 16 mg/mL","Oral, Inj."
Moxifloxacin,"film coated tablet, solution","400 mg, 5 mg/mL, 5 mL","Oral, Ophthalmic"
Multivitamins,"tablet, capsule, syrup, drops","1 mL, 5 mL, 380 mcg, 400 mcg, 0.4 mg, 1.0 mg, 0.9 mg, 0.6 mg",Oral
Mupirocin,"cream, ointment, sachet","5 g, 15 g",
Mycophenolate Mofetil,tablet,500 mg,Oral
Mycophenolic Acid (as Mycophenolate Sodium),tablet,360 mg,Oral
N-acetyl Penicillamine,,25 g/,Oral
Nalbuphine (as hydrochloride),ampul,"10 mg/mL, 1 mL",Inj.
Nalidixic Acid,"tablet, suspension","500 mg, 250 mg/5 mL, 60 mL",Oral
Naloxone (as hydrochloride),ampul,"400 micrograms/mL, 1 mL",Inj.
Naltrexone (as hydrochloride),tablet,50 mg,Oral
Naproxen (as sodium salt),tablet,"250 mg, 275 mg, 500 mg, 550mg",Oral
Neomycin (as sulfate) + Polymixin B (as sulfate) + Fluocinolone Acetonide,"solution, ear drops","3.5 mg, 000 units",
Neostigmine,"solution, injection, ampul, vial","500 mcg/mL, 10 mL, 1 mL",Inj.
Nepafenac,suspension,"1 mg/mL, 5 mL",
Nevirapine,"tablet, suspension","200 mg, 50 mg, 50 mg/5 mL, 240 mL",Oral
Nicardipine (as hydrochloride),ampul,"1 mg/mL, 2 mL, 10 mL",Inj.
Nicotine,,"1 mg, 2 mg",
Nicotine transdermal therapeutic system,patch,"7 mg, 14 mg, 21 mg",
Nifedipine,"mr tablet, capsule","10 mg, 30 mg",Oral
Nimodipine,tablet,30 mg,Oral
Nitrofurantoin,capsule,"50 mg, 100 mg",Oral
Nitroglycerin,ampul,"1 mg/mL, 10 mL, 25 mL",Inj.
Nitrous Oxide,,,Inhalation
Norepinephrine (as bitartrate),"solution, injection, ampul","1 mg/mL, 2 mL, 4 mL, 10 mL, 2 mg /mL, 8 mg/4 mL","Inj., injection"
Norethisterone (as acetate and as base),tablet,5 mg,Oral
Nystatin,"tablet, suspension","000 units/mL, 30 mL, 000 units","Oral, Vaginal"
Octreotide (as acetate),ampul,"100 micrograms/mL, 500 micrograms/mL, 1 mL",Inj.
Ofloxacin,"tablet, solution, eye drops, ear drops","200 mg, 5 mL",Oral
Olanzapine,tablet,"5 mg, 10 mg",Oral
Olodaterol (as hydrochloride),"solution, inhaler","2.5 mcg/, 4 mL",Inhalation
Omeprazole,"capsule, powder, ampul, vial","20 mg, 40 mg, 10 mL","Oral, Inj."
Ondansetron,"tablet, ampul","8 mg, 2 mg/mL, 2 mL, 4 mL","Oral, Inj."
Oral Rehydration Salts (ORS 75- replacement),solution,"2.6 g, 2.9 g, 1.5 g, 13.5 g, 20.5 g",Oral
Oseltamivir (as phosphate),capsule,75 mg,Oral
Oxacillin (as sodium salt),vial,"250 mg, 500 mg",Inj.
Oxaliplatin,"solution, powder, vial","5 mg/mL, 10 mL, 20 mL, 50 mg",Inj.
Oxcarbazepine,"tablet, suspension","300 mg, 600 mg, 60 mg/mL, 100 mL, 250 mL",Oral
Oxycodone (as hydrochloride),"tablet, capsule, ampul","5 mg, 10 mg, 20 mg, 40 mg, 80 mg, 10 mg/mL, 1 mL, 2 mL","Oral, Inj"
Oxycodone (as hydrochloride) + Naloxone (as hydrochloride),tablet,"5 mg, 2.5 mg, 10 mg, 20 mg, 40 mg",Oral
Oxygen,,,Inhalation
Oxymetazoline (as hydrochloride),"solution, drops, spray","10 mL, 15 mL",Nasal
Oxytocin (synthetic),ampul,"10 IU/mL, 1 mL",Inj.
Paclitaxel,vial,"6 mg/mL, 5 mL, 16.7 mL, 17 mL, 25 mL, 43.4 mL",Inj.
Paliperidone,"suspension, injection","50 mg/0.5 mL, 75 mg/0.75 mL, 100 mg/mL, 150 mg/1.5 mL",Inj.
Pancuronium (as bromide),ampul,"2 mg/mL, 2 mL",Inj.
Pantoprazole,tablet,"20 mg, 40 mg",Oral
Para-amino salicylic acid,"granules, sachet",,
Paracetamol,"tablet, syrup, suspension, solution, injection, drops, suppository, ampul, vial","300 mg, 500 mg, 100 mg/mL, 15 mL, 120 mg/5 mL, 125 mg/5 mL, 30 mL, 60 mL","Oral, Inj., Rectal"
Peginterferon Alfa 2A,,135 micrograms/0.5 mL,Inj.
Penicillin G Benzathine (benzathine benzylpenicillin),vial,000 units,Inj.
Penicillin G Crystalline (benyzylpenicillin) (as sodium salt),vial,000 units,Inj.
Peritoneal Dialysis Solution,solution,"2 L, 5 L, 16.5 g, 15.0 g, 0.75 g, 5.786 g, 3.925 g, 7.85 g",
Permethrin,lotion,"125 mL, 30 mL, 60 mL",
Pethidine (meperidine) (as hydrochloride),ampul,"50 mg/mL, 2 mL",Inj.
Petrolatum/ petroleum,,"25 g, 100 g, 200 g",
Phenobarbital,"tablet, ampul","15 mg, 30 mg, 60 mg, 90 mg, 120 mg/mL, 130 mg/mL, 1 mL","Oral, Inj."
Phenoxymethyl Penicillin (penicillin V) (as potassium salt),"tablet, capsule, syrup, suspension, powder, granules","250 mg, 500 mg, 250 mg/5 mL, 60 mL",Oral
Phenylephrine (as hydrochloride),"solution, eye drops",5 mL,
Phenytoin (as sodium salt),"capsule, suspension, ampul","100 mg, 30 mg/5 mL, 120 mL, 125 mg/ 5mL, 120mL, 50 mg/mL, 2 mL, 5 mL","Oral, Inj."
Phosphate,solution,"19 g/7, 133 mL, 66 mL",Rectal
Phospholipid fraction from bovine lung,"suspension, powder","45 mg/mL, 54 mg/1.2 mL",Inj.
Physostigmine (as salicylate),ampul,"1 mg/mL, 2 mL",Inj.
"Phytomenadione (phytonadione, vitamin K1)","solution, ampul","2 mg/0.2 mL, 10 mg/mL, 1 mL",Inj.
Pilocarpine (as hydrochloride),"solution, eye drops","10 mL, 15 mL",
Piperacillin + Tazobactam (as sodium salt),vial,"2 g, 250 mg, 4 g, 500 mg",Inj.
Pneumococcal Conjugate Vaccine (PCV),"suspension, injection, vial","2 mL, 3 mL, 0.5 mL",Inj.
Pneumococcal Polyvalent Vaccine,"solution, injection, vial","25 micrograms/0.5 mL, 0.5 mL, 2.5 mL",Inj.
Polymyxin B (as sulfate),"solution, injection, powder, vial","000 Units, 5 mL",Inj.
Poractant alfa,"suspension, vial","80mg/mL, 1.5 mL, 3 mL",Inj.
Potassium (as citrate),tablet,"1080 mg, 1620 mg",Oral
Potassium Chloride,"tablet, syrup, ampul, vial","600 mg, 750 mg, 1 mmol/mL, 30 mL, 60 mL, 2 mL, 5 mL, 10 mL","Oral, Inj."
Potassium Phosphate,vial,"224 mg, 3 mmol, 236 mg, 5 mL",Inj.
Povidone Iodine,"solution, ointment","60 mL, 120 mL, 240 mL, 5 g, 15 g, 30 g, 10 mL, 15 mL",Oral
Pralidoxime Chloride,vial,"50 mg/mL, 20 mL",Inj.
Praziquantel,tablet,600 mg,Oral
Prednisolone,"syrup, suspension, eye drops","15 mg/5 mL, 60 mL, 5 mL",Oral
Prednisone,"tablet, suspension","5 mg, 10 mg, 20 mg, 10 mg/5 mL, 60 mL",Oral
Primaquine (as diphosphate),tablet,"26.3 mg, 15 mg",Oral
Propofol,"ampul, vial","10 mg/mL, 20 mL, 50 mL",Inj.
Propranolol (as hydrochloride),tablet,"10 mg, 40 mg",Oral
Propylthiouracil,tablet,50 mg,Oral
Protamine Sulfate,ampul,"10 mg/mL, 5 mL, 25 mL",Inj.
Prothionamide,film coated tablet,250 mg,Oral
Proxymetacaine (proparacaine) (as hydrochloride),"solution, eye drops","5 mL, 15 mL",
Pyrazinamide,"tablet, suspension","500 mg, 250 mg/5 mL, 500 mg/ 5mL, 120 mL",Oral
Pyridostigmine (as bromide),tablet,60 mg,Oral
Pyridoxine (vitamin B6) (as hydrochloride),tablet,100 mg,Oral
Pyrimethamine,tablet,"25 mg, 75 mg",Oral
Quetiapine (as fumarate),tablet,"25 mg, 100 mg, 200 mg, 300 mg",Oral
Quinine,"tablet, ampul","325 mg, 300 mg, 300 mg/mL, 1 mL, 250 mg/mL","Oral, Inj."
Rabeprazole sodium,tablet,"10 mg, 20 mg",Oral
Rabies Immunoglobulin (human),"ampul, vial","150 IU/mL, 2 mL, 5 mL, 2mL, 10 mL",Inj.
"Rabies vaccine, Chick Embryo Cell (purified, inactivated)","powder, vial","2.5 IU/mL, 1 mL",Inj.
"Rabies vaccine, Vero Cell (purified)","suspension, powder, vial","2.5 IU/ 0.5 mL, 2.5 IU/mL, 1 mL",Inj.
Ranitidine (as hydrochloride),"tablet, syrup, ampul, vial","150 mg, 300 mg, 75 mg/5 mL, 60 mL, 150 mL, 25 mg/mL, 2 mL","Oral, Inj."
"Regular, Insulin (recombinant DNA human)",vial,"100 IU/mL, 3 mL, 5 mL, 10 mL",Inj.
Remifentanil,"powder, vial","1 mg, 2 mg",Inj.
Retinol (vitamin A) (as palmitate),"capsule, gel",000 IU,Oral
Ribavirin,tablet,"200 mg, 500 mg, 600 mg",Oral
Rifabutin,capsule,150 mg,Oral
Rifampicin,"tablet, capsule, suspension","300 mg, 450 mg, 600 mg, 200 mg/5 mL, 120 mL",Oral
Rifapentine,film coated tablet,150 mg,Oral
Rifaximin,tablet,200 mg,Oral
Rilpivirine (as hydrochloride),tablet,25 mg,Oral
Risperidone,"tablet, suspension, solution, injection, powder, vial","1 mg, 2 mg, 3 mg, 4 mg, 1 mg/mL, 100 mL, 25 mg, 37.5 mg","Oral, Inj."
Rituximab,vial,"10 mg/mL, 10 mL, 50 mL",Inj.
Rivastigmine (as hydrogen tartrate),capsule,"1.5 mg, 3 mg, 6 mg",Oral
Rocuronium (as bromide),"ampul, vial","10 mg/mL, 5 mL",Inj.
Ropivacaine (as hydrochloride),ampul,"10 mg/mL, 10 mL",Inj.
Rosuvastatin (as calcium salt),tablet,"10 mg, 20 mg",Oral
Sacubitril/Valsartan,"tablet, injection","50 mg, 100 mg, 200 mg",Oral
Salbutamol (as sulfate),"syrup, powder, inhaler, metered dose inhaler","2 mg/5 mL, 60 mL, 200 micrograms/, 100 micrograms/, 1 mg/mL, 2.5 mL, 2 mg/mL","Oral, Inhalation, Resp."
Salicylic Acid,solution,"30 mL, 60 mL",
Salmeterol (as xinafoate),,"100 micrograms, 50 micrograms, 250 micrograms, 500 micrograms, 25 micrograms, 125 micrograms",
Sambong [Blumea balsamifera (L) DC (Fam. Compositae)],tablet,"250 mg, 500 mg",Oral
Selegiline (as hydrochloride),tablet,5 mg,Oral
Selenium Sulfide,lotion,100 mL,
Sertraline (as hydrochloride),tablet,50 mg,Oral
Sevelamer carbonate,"tablet, suspension, powder",800 mg,Oral
Sevoflurane,,250 mL,Inhalation
Silver Sulfadiazine,cream,"15 g, 25 g, 500 g",
Simvastatin,tablet,"20 mg, 40 mg",Oral
Sirolimus,tablet,"0.5 mg, 1 mg",Oral
Sodium Bicarbonate,"tablet, ampul, vial","325 mg, 650 mg, 10 mL, 20 mL, 50 mL, 100 mL","Oral, Inj."
Sodium Calcium Edetate,ampul,"200 mg/mL, 5 mL",Inj.
Sodium Chloride,vial,"20 mL, 50 mL",Inj.
Sodium Dichloroisocyanurate (to be used for water purification),"tablet, solution","3.5 mg, 2 mg, 8.68 mg, 5 mg, 12.5 mg, 8 mg, 17 mg, 10 mg",
Sodium Hyaluronate,solution,"1 mg/mL, 5 mL, 15 mL",Ophthalmic
Sodium Hypochlorite,solution,,
Sodium Iodide 1311,"capsule, solution, vial",,Oral
Sodium Nitrite,powder,,Inj.
Sodium Nitroprusside,"powder, ampul",50 mg,Inj.
Sodium Sulfate,powder,,Oral
Sodium Thiosulfate,"solution, ampul","250 mg/mL, 50 mL",Inj.
Sodium Valproate,syrup,"200 mg / 5 mL, 100 mL",Oral
Sodium Valproate + Valproic Acid,tablet,"500 mg, 333 mg, 145 mg",Oral
Sofosbuvir,tablet,400 mg,Oral
Sofosbuvir + ledipasvir,tablet,"400 mg, 90 mg",Oral
Sofosbuvir + velpatasvir,tablet,"400 mg, 100 mg",Oral
Somatostatin,"ampul, vial","250 microgram, 3 mg",Inj.
Soya bean oil + Medium chain triglycerides + Olive oil + Purified fish oil,emulsion,"200 mg/mL, 250 mL",Inj.
Spectinomycin,vial,2 g,Inj.
Spironolactone (K-sparer),tablet,"25 mg, 50 mg, 100 mg",Oral
Standard Senna Concentrate,tablet,"187 mg, 374 mg",Oral
Sterile Water for Injection,ampul,"2 mL, 5 mL, 10 mL, 20 mL, 50 mL, 100 mL, 500 mL, 1 L",Inj.
Streptokinase,"powder, vial",000 IU,Inj.
Streptomycin (as sulfate),vial,1 g,Inj.
"Succimer (dimercapto succinic acid, DMSA)",capsule,"100 mg, 200 mg",Oral
Sucralfate,tablet,1 g,Oral
Sugammadex,"solution, injection, vial","100 mg/mL, 2 mL",Inj
Sulfacetamide + Prednisolone,"suspension, eye drops",5 mL,
Sulfur,"cream, ointment","10 g, 15 g, 30 g",
Sumatriptan,tablet,50 mg,Oral
Suxamethonium (succinylcholine) (as chloride),vial,"20 mg/mL, 10 mL",Inj.
Tacrolimus,capsule,"1 mg, 5 mg",Oral
Tafluprost,solution,"15 mcg/mL, 0.3 mL","Ophthalmic, ophthalmic"
Tamoxifen (as citrate),tablet,"10 mg, 20 mg",Oral
Tamsulosin,"orally disintegrating tablet, film coated tablet, capsule","200 micrograms, 200 mcg, 400 mcg",Oral
Tegafur + Uracil,capsule,"100 mg, 224 mg",Oral
Telmisartan,tablet,"40 mg, 80 mg",Oral
Telmisartan + Hydrochlorothiazide,tablet,"40 mg, 12.5 mg",Oral
Tenofovir + Lamivudine + Dolutegravir,tablet,"300 mg, 50 mg",Oral
Tenofovir alafenamide fumarate,tablet,25 mg,Oral
Tenofovir disoproxil fumarate,tablet,300 mg,Oral
Terazosin (as hydrochloride),tablet,"1 mg, 2 mg, 5 mg",Oral
Terbinafine,"tablet, cream","250 mg, 3 g, 5 g, 10 g, 15 g",Oral
Terbutaline (as sulfate),"tablet, syrup, ampul","5 mg, 1.5 mg/5 mL, 60 mL, 500 micrograms/mL, 1 mL, 2.5 mg/mL, 2 mL","Oral, Inj., Inhalation, Resp."
Testosterone (as undecanoate),"solution, injection","250 mg/mL, 4 mL",Inj.
Tetanus Immunoglobulin (human),"ampul, vial","1000 IU/mL, 1.5 mL, 1500 IU/mL, 1 mL, 250 IU/mL, 2 mL, 4 mL, 250 units/mL",Inj.
Tetanus Toxoid,"ampul, vial","0.5 mL, 10 mL",Inj.
Tetracaine,"powder, ampul",20 mg,Inj.
Tetracycline,capsule,"250 mg, 500 mg",Oral
Theophylline (anhydrous),"mr tablet, syrup","150 mg, 200 mg, 25 mg/5 mL, 26.7 mg/5 mL, 100 mL",Oral
Thiamine (Vitamin B1),"tablet, ampul, vial","100 mg, 300 mg, 100 mg/mL, 1 mL, 10 mL","Oral, Inj."
Thiopental Sodium,vial,"500 mg, 1 g, 50 mL",Inj.
Timolol (as maleate),"solution, eye drops",5 mL,
Tinzaparin (as sodium),vial,"0.35 mL, 0.45 mL, 2 mL",Inj.
Tiotropium (as bromide),,18 micrograms/,Inhalation
Tobramycin,"solution, eye drops, ointment","5 mL, 3.5 g",
Tobramycin + Dexamethasone,"suspension, eye drops, ointment","5 mL, 3.5 g",
Tocilizumab,solution,"80 mg/4 mL, 20 mg/mL, 200 mg/10 mL, 400 mg/20 mL",Inj.
Tolvaptan,tablet,15 mg,Oral
Topiramate,tablet,"25 mg, 50 mg, 100 mg",Oral
Trace Elements,ampul,10 mL,Inj.
Tramadol (as hydrochloride),"mr tablet, capsule, ampul","50 mg, 100 mg, 150 mg, 200 mg, 50 mg/mL, 1 mL, 2 mL","Oral, Inj."
Tranexamic Acid,"tablet, capsule, ampul","250 mg, 500 mg, 100 mg/mL, 2.5 mL, 5 mL","Oral, Inj."
Trastuzumab,"solution, injection, powder, vial","150 mg, 600 mg/5 mL, 120 mg/mL, 5 mL",Inj.
Travoprost,solution,2.5 mL,Ophthalmic
Triclabendazole,tablet,250 mg,Oral
Trimetazidine (as hydrochloride),tablet,35 mg,Oral
Tropicamide,"solution, eye drops",5 mL,
Tropicamide + phenylephrine hydrochloride,"solution, eye drops","5 mg, 5 mg/mL, 10 mL",Ophthalmic
Tsaang Gubat [Carmona retusa (Vahl) Masam (Fam. Boraginaceae)],tablet,250 mg,Oral
"Tuberculin, Purified Protein Derivative (PPD)","solution, powder, ampul, vial","0.1 mL, 1 mL, 5 mL, 2 mL",Inj.
Typhoid Vaccine,tablet,"25 micrograms, 0.5 mL","Oral, Inj."
Ursodeoxycholic Acid,"tablet, capsule","250 mg, 500 mg",Oral
Valaciclovir (as hydrochloride),tablet,500 mg,Oral
Valganciclovir,tablet,450 mg,Oral
Valproic Acid,"syrup, vial","250 mg/5 mL, 120 mL, 500 mg/ 5mL, 5 mL","Oral, Inj."
Valsartan,film coated tablet,"80 mg, 160 mg",Oral
Valsartan + Hydrochlorothiazide,tablet,"80 mg, 12.5 mg",Oral
Vancomycin (as hydrochloride),vial,"500 mg, 1 g",Inj.
Varenicline,tablet,"0.5 mg, 1 mg",Oral
Varicella Zoster Immunoglobulin (VZIG),vial,125 units/1.25 mL,Inj.
Vasopressin,,20 IU/mL,Inj.
Vecuronium (as bromide) (1,"powder, ampul","4 mg/mL, 1 mL",Inj.
Verapamil (as hydrochloride),"mr tablet, ampul","80 mg, 240 mg, 2.5 mg/mL, 2 mL","Oral, Inj."
Vinblastine (as sulfate),"powder, vial","10 mg, 1 mg/mL, 10 mL",Inj.
Vincristine (as sulfate),vial,"1 mg/mL, 1 mL, 2 mL",Inj.
Vitamin A,,,
Vitamin B1 B6 B12,"tablet, capsule, drops, ampul, vial","100 mg, 5 mg, 50 microgram, 10 mg, 5 micrograms, 0.6 mL, 15 mL, 1 mg","Oral, Inj."
Vitamin B6,,,
Vitamin C,,,
"Vitamin Intravenous, Fat-Soluble",ampul,10 mL,Inj.
"Vitamin Intravenous, Water-Soluble",,,Inj.
Vitamin K1,,,
Voriconazole (Inj. -,tablet,200 mg,Oral
Warfarin (as sodium salt),tablet,"1 mg, 2.5 mg, 5 mg",Oral
Yellow Fever Vaccine,vial,0.5 mL,Inj.
Zidovudine,"tablet, capsule, suspension","100 mg, 300mg, 50mg/5mL, 240mL",Oral
Zidovudine + Lamivudine,tablet,"60 mg, 30 mg",Oral
Zinc,"chewable tablet, syrup, solution, drops","10 mg, 30 mg, 88mg, 20mg, 15 mL, 20 mg, 5 mL, 60 mL",Oral
Zoledronic Acid,solution,4mg/5mL,Inj.
Zolmitriptan,tablet,2.5 mg,Oral
Zolpidem,tablet,10 mg,Oral
